"Les salaires dans la tech",15303,https://eventuallycoding.com/2021/07/06/les-salaires-dans-la-tech/
"Home page / Archives",5659,http://hlassiege.wordpress.com/
"Retour d'utilisation de Mongodb et pourquoi nous migrons vers Postgresql",4289,https://hlassiege.wpcomstaging.com/2019/07/03/mongodb-vers-postgresql/
"Différences entre VP Engineering et CTO",3861,https://eventuallycoding.com/2021/09/01/differences-entre-vp-engineering-et-cto/
"Le 10ème homme",3321,https://eventuallycoding.com/2014/10/07/le-10eme-homme/
"Senior avec 6 ans d'expérience, et après ?",2662,https://eventuallycoding.com/2021/06/24/senior-avec-6-ans-dexperience-et-apres/
"Calculer ses revenus entre EURL SASU et salariat",2295,https://eventuallycoding.com/2014/01/24/calculer-ses-revenus-entre-eurl-sasu-et-salariat/
"Pourquoi le sujet n’est plus d’adopter l’agilité mais de changer de culture produit",2267,https://eventuallycoding.com/2021/06/14/pourquoi-le-sujet-nest-plus-dadopter-lagilite-mais-de-changer-de-culture-produit/
"Calcul de la vélocité",1773,https://eventuallycoding.com/2010/05/11/calcul-de-la-velocite/
"MongoDB : Utiliser les propriétés de vos ObjectId dans vos MapReduce",1766,https://eventuallycoding.com/2013/09/28/mongodb-utiliser-les-proprietes-de-vos-objectid-dans-vos-mapreduce/
"Qu'est-ce qu'un écosystème tech ?",1699,https://eventuallycoding.com/2019/12/19/quest-ce-quun-ecosysteme-tech/
"Micro-services : routing avec Zuul",1651,https://hlassiege.wpcomstaging.com/2015/04/09/zuul/
"Impact de la crise tech sur les salaires",1647,https://eventuallycoding.com/2022/05/14/impact-de-la-crise-tech-sur-les-salaires/
"CTO de startup à scaleup",1517,https://eventuallycoding.com/2021/05/03/cto-de-startup-a-scaleup/
"Le modèle Spotify, un échec complet ?",1377,https://eventuallycoding.com/2020/05/23/le-modele-spotify-un-echec-complet/
"Outil de calcul de revenus pour freelance et salariés",1292,https://eventuallycoding.com/2022/01/11/outil-de-calcul-de-revenus-pour-freelance-et-salaries/
"Que fait un Engineering Manager ?",1269,https://eventuallycoding.com/2022/01/31/que-fait-un-engineering-manager/
"Utiliser Mockito et PowerMock",1144,https://eventuallycoding.com/2011/07/07/utiliser-mockito-et-powermock/
"Recherche textuelle avec MongoDB",885,https://hlassiege.wpcomstaging.com/2014/03/06/recherche-textuelle-avec-mongodb/
"Faut-il mesurer la performance d’une équipe engineering ?",827,https://eventuallycoding.com/2021/10/07/faut-il-mesurer-la-performance-dune-equipe-engineering/
"Faut-il être passionné pour réussir dans le dev ?",775,https://eventuallycoding.com/2022/04/30/faut-il-etre-passionne-pour-reussir-dans-le-dev/
"Bonnes pratique de codage en C#",682,https://eventuallycoding.com/2010/11/28/bonnes-pratique-de-codage-en-c-2/
"Une documentation qui vit",680,https://eventuallycoding.com/2020/04/19/une-documentation-qui-vit/
"Les bases de l'internationalisation",620,https://eventuallycoding.com/2018/05/03/les-bases-de-linternationalisation/
"Introduction aux tests unitaires et aux bouchons en C#",616,https://eventuallycoding.com/2010/11/28/introduction-aux-tests-unitaires-et-aux-bouchons-en-c-2/
"A propos de l'auteur",594,https://eventuallycoding.com/about/
"Eviter le principe de Peter, ou, l’évolution du dev vers le dev",580,https://eventuallycoding.com/2019/04/01/eviter-le-principe-de-peter-ou-levolution-du-dev-vers-le-dev/
"Rewrite from scratch ?",525,https://eventuallycoding.com/2020/07/20/rewrite-from-scratch/
"Se tenir à jour dans une équipe produit",523,https://eventuallycoding.com/2021/10/20/se-tenir-a-jour-dans-une-equipe-produit/
"Microservice : la découverte automatique de services",516,https://hlassiege.wpcomstaging.com/2015/05/05/microservice-la-decouverte-automatique-de-services/
"Spring-boot et Ansible sont sur un bateau",500,https://hlassiege.wpcomstaging.com/2014/12/03/spring-boot-et-ansible-sont-sur-un-bateau/
"Feature branching vs Feature Flipping",474,https://eventuallycoding.com/2017/09/29/feature-branching-vs-feature-flipping/
"Produit versus Side Project",404,https://eventuallycoding.com/2020/07/27/produit-versus-side-project/
"Les sociétés coopératives",383,https://hlassiege.wpcomstaging.com/2012/12/07/les-societes-cooperatives/
"Comparaison de moteurs de base de données pour du stockage de logs",380,https://hlassiege.wpcomstaging.com/2013/11/05/comparaison-de-moteurs-de-base-de-donnees-pour-du-stockage-de-logs/
"18 mois de freelance. Alors, quel bilan ?",351,https://eventuallycoding.com/2011/09/20/18-mois-de-freelance-alors-quel-bilan/
"Etes-vous pompier pyromane ?",318,https://eventuallycoding.com/2012/05/21/etes-vous-pompier-pyromane/
"Le télétravail chez Malt",317,https://hlassiege.wpcomstaging.com/2019/05/28/le-teletravail-chez-malt/
"C'est l'histoire d'un side project",317,https://eventuallycoding.com/2022/04/04/cest-lhistoire-dun-side-project/
"les métiers de l'ingénierie informatique vont-ils disparaitre ?",286,https://eventuallycoding.com/2020/09/21/les-metiers-de-lingenierie-informatique-vont-ils-disparaitre/
"Les parallèles entre le dessin et le développement",260,https://eventuallycoding.com/2020/12/07/les-paralleles-entre-le-dessin-et-le-developpement/
"L'économie des TIC",196,https://eventuallycoding.com/2020/08/11/leconomie-des-tic/
"Petit rappel sur un principe agile : Avoir un rythme soutenable",195,https://eventuallycoding.com/2011/04/12/principe-agile-avoir-un-rythme-soutenable/
"L’Europe entre le marteau Chinois et l’enclume US",181,https://eventuallycoding.com/2020/08/03/leurope-entre-le-marteau-chinois-et-lenclume-us/
"Spring Boot : dans le doute reboote",181,https://hlassiege.wpcomstaging.com/2014/07/16/spring-boot-dans-le-doute-reboote/
"Slack est la nouvelle pause clope",157,https://eventuallycoding.com/2016/04/24/slack-est-la-nouvelle-pause-clope/
"Euh, l'agilité finalement c'est pas un peu une secte ?",157,https://eventuallycoding.com/2010/10/28/euh-lagilite-finalement-cest-pas-un-peu-une-secte-2/
"Recrutements et salaires : session de Q&A",154,https://eventuallycoding.com/2021/11/25/recrutements-et-salaires-session-de-qa/
"Une armée mexicaine ?",147,https://hlassiege.wpcomstaging.com/2018/11/21/une-armee-mexicaine/
"Connecteur Mongo Postgresql",143,https://eventuallycoding.com/2016/03/07/connecteur-mongo-postgresql/
"Bataille autour des données et du Cloud",142,https://eventuallycoding.com/2020/08/07/bataille-autour-des-donnees-et-du-cloud/
"Curseurs et Mongodb",136,https://hlassiege.wpcomstaging.com/2015/01/26/curseurs-et-mongodb/
"Comment valoriser une idée ? (Nemrod 2/5)",131,https://eventuallycoding.com/2011/10/03/comment-valoriser-une-idee-nemrod-25/
"Intégration avec Hull et considérations pratiques sur l'usage d'APIs",126,https://eventuallycoding.com/2020/03/02/integration-avec-hull-et-considerations-pratiques-sur-lusage-dapis/
"Micro-services : la composition de page avec Zuul et Sitemesh",126,https://hlassiege.wpcomstaging.com/2015/04/13/micro-services-la-composition-de-page-avec-zuul-et-sitemesh/
"Lateral Thinking",122,https://hlassiege.wpcomstaging.com/2013/03/18/lateral-thinking/
"Travailler autrement",114,https://hlassiege.wpcomstaging.com/2013/08/12/travailler-autrement/
"User Macro confluence : supprimer les retours à la ligne inutiles",109,https://eventuallycoding.com/?p=158
"Principe de Peter et corollaire d'Archimède",105,https://hlassiege.wpcomstaging.com/2013/11/27/principe-de-peter-et-corollaire-darchimede/
"Coderwatch : épisode 2 - Design avec Figma et Procreate",96,https://eventuallycoding.com/2022/04/08/coderwatch-episode-2-design-avec-figma-et-procreate/
"Tarif des développeurs freelances",90,https://hlassiege.wpcomstaging.com/2015/01/19/tarif-des-developpeurs-freelances/
"Vers l'infini et au-delà",86,https://hlassiege.wpcomstaging.com/2015/12/22/vers-linfini-et-au-dela/
"Maintenir vos données avec Mongeez",84,https://hlassiege.wpcomstaging.com/2014/01/24/maintenir-vos-donnees-avec-mongeez/
"J'en ai un peu ma claque du startup bashing",84,https://eventuallycoding.com/2018/08/04/jen-ai-un-peu-ma-claque-du-startup-bashing/
"Sortie d'un custom field Jira : jira-status-color",80,https://eventuallycoding.com/?p=154
"Monit - pour monitorer vos serveurs",79,https://hlassiege.wpcomstaging.com/2014/07/23/monit-pour-monitorer-vos-serveurs/
"Serment d'Hypocrite",78,https://hlassiege.wpcomstaging.com/2013/09/09/serment-dhypocrite/
"Let's Swing !",74,https://eventuallycoding.com/2010/01/28/lets-swing/
"Recruter ces futurs pairs autour d'un verre",73,https://eventuallycoding.com/2016/06/16/recruter-futurs-pairs-autour-dun-verre/
"Créer des fichiers Excel avec des caractères Chinois en Java",65,https://eventuallycoding.com/2009/10/28/creer-des-fichiers-excel-avec-des-caracteres-chinois-en-java/
"Freelance / Salarié : les chiffres",60,https://hlassiege.wpcomstaging.com/2014/09/30/freelance-salarie-les-chiffres/
"Intégration et dev web avec Bulma, Vue.js etc... - Coderwatch episode 3",56,https://eventuallycoding.com/2022/04/14/integration-et-dev-web-avec-bulma-vue-js-etc-coderwatch-episode-3/
"PAAS or not PAAS, that is the question",56,https://hlassiege.wpcomstaging.com/2014/05/09/paas-or-not-paas-that-is-the-question/
"We are not done yet",54,https://eventuallycoding.com/2018/05/26/we-are-not-done-yet/
"Vagrant et Fabric : prise en main",52,https://hlassiege.wpcomstaging.com/2013/08/21/fabric-vagrant/
"Nosql, 4 bases à la loupe 1/4",50,https://hlassiege.wpcomstaging.com/2012/11/11/nosql-4-bases-a-la-loupe-14/
"Réussir une transition agile, pas si simple",47,https://eventuallycoding.com/2010/10/19/reussir-une-transition-agile-pas-si-simple/
"Fabric moi un cluster",42,https://hlassiege.wpcomstaging.com/2013/08/16/fabric-moi-un-cluster/
"Eventual Coder",40,https://hlassiege.wpcomstaging.com/2013/07/20/eventual-coder/
"wecodelikestars.com",34,https://eventuallycoding.com/2012/07/01/wecodelikestars-com/
"Entretiens, recrutements et pensées diverses",30,https://eventuallycoding.com/2016/05/16/entretiens-recrutements-et-pensees-diverses/
"Les levées de fond en startup",30,https://eventuallycoding.com/2016/03/14/les-levees-de-fond-en-startup/
"""On vend une compétence, pas un lieu" ?",29,https://hlassiege.wpcomstaging.com/2015/01/16/on-vend-une-competence-pas-un-lieu/
"Recrutements et pensées diverses (2)",25,https://eventuallycoding.com/2016/05/19/recrutements-et-pensees-diverses-2/
"Les tests d'IHM avec Play!",23,https://hlassiege.wpcomstaging.com/2011/11/05/les-tests-dihm-avec-play/
"Java Vs C# : La gestion des exceptions",22,https://eventuallycoding.com/2011/03/23/java-vs-c-la-gestion-des-exceptions/
"Spring Boot et Vue.js - Coderwatch episode 4",21,https://eventuallycoding.com/2022/05/04/spring-boot-et-vue-js-coderwatch-episode-4/
"This is the story of a side project",19,https://eventuallycoding.com/2022/04/04/this-is-the-story-of-a-side-project/
"Créer un soft, on fait comment ? (Nemrod 1/5)",19,https://eventuallycoding.com/2011/10/02/creer-un-soft-on-fait-comment-nemrod-15/
"J'ai lu pour vous : Scrum, le guide pratique de la méthode agile la plus populaire",18,https://eventuallycoding.com/2010/03/16/jai-lu-pour-vous-scrum-le-guide-pratique-de-la-methode-agile-la-plus-populaire/
"Coderwatch: Episode 2 – Design with Figma and Procreate ",17,https://eventuallycoding.com/2022/04/08/coderwatch-episode-2-design-with-figma-and-procreate/
"L'informaticien, artisan des temps modernes ?",17,https://eventuallycoding.com/2010/05/25/linformaticien-un-artisan-ou-pas/
"Ansible (timeoff LT 1ère journée)",16,https://hlassiege.wpcomstaging.com/2014/03/17/ansible-timeoff-lt-1ere-journee/
"Exploiter les données d'HopWork avec Neo4j (timeoff 2nd journée)",15,https://hlassiege.wpcomstaging.com/2014/03/19/exploiter-les-donnees-dhopwork-avec-neo4j-timeoff-2nd-journee/
"Hopwork is coming",15,https://eventuallycoding.com/2016/12/16/hopwork-is-coming/
"L'entreprise libérée, pas faite pour les freelances ?",14,https://hlassiege.wpcomstaging.com/2015/11/04/lentreprise-liberee-pas-faite-pour-les-freelances/
"Utiliser subversion derrière un proxy NTLM",14,https://eventuallycoding.com/?p=149
"Intégration GWT-maven-spring-hibernate-spring security-smartGWT",14,https://eventuallycoding.com/2009/12/02/integration-gwt-maven-spring-hibernate-spring-security-smartgwt/
"Siffler en télétravaillant",13,https://hlassiege.wpcomstaging.com/2015/10/13/siffler-en-teletravaillant/
"Tu fais quoi dans la vie ?",12,https://hlassiege.wpcomstaging.com/2014/06/03/tu-fais-quoi-dans-la-vie/
"Embaucher en startup",12,https://eventuallycoding.com/2016/07/08/embaucher-en-startup/
"Java Vs C# : le mot clé using en C#",11,https://eventuallycoding.com/2011/02/02/java-vs-c-le-mot-cle-using-en-c-2/
"Interview d'une société collaborative : NinjaSquad",11,https://hlassiege.wpcomstaging.com/2013/09/11/interview-dune-societe-collaborative-ninjasquad/
"Dis tonton, pourquoi tu tousses ?",11,https://hlassiege.wpcomstaging.com/2013/01/26/dis-tonton-pourquoi-tu-tousses/
"Gagnez-vous autant qu'un ingénieur de Facebook ?",10,https://hlassiege.wpcomstaging.com/2012/06/03/gagnez-vous-autant-quun-ingenieur-de-facebook/
"Integration and web development with Bulma, Vue.js etc… – Coderwatch episode 3",10,https://eventuallycoding.com/2022/04/14/integration-and-web-development-with-bulma-vue-js-etc-coderwatch-episode-3/
"P.R.O.F.S",9,https://hlassiege.wpcomstaging.com/2012/05/01/p-r-o-f-s/
"REX BOF NoSSII",9,https://hlassiege.wpcomstaging.com/2013/04/02/rex-bof-nossii/
"Partir de Paris, 1 an après",9,https://hlassiege.wpcomstaging.com/2014/01/18/partir-de-paris-1-an-apres/
"Agile Tour 2010",9,https://eventuallycoding.com/2010/11/04/agile-tour-2010-2/
"Sortie d'un plugin Jira : jira-order-plugin",8,https://eventuallycoding.com/?p=155
"On devrait toujours travailler comme ça (bis)",8,https://hlassiege.wpcomstaging.com/2013/12/08/on-devrait-toujours-travailler-comme-ca-bis/
"Java Vs C# : Les types valeurs en C#",8,https://eventuallycoding.com/2011/05/01/java-vs-c-les-types-valeurs-en-c/
"J'ai lu pour vous : Programmation concurrente en JAVA",8,https://eventuallycoding.com/2010/08/16/jai-lu-pour-vous-programmation-concurrente-en-java/
"BlendWebMix 2018",7,https://hlassiege.wpcomstaging.com/2018/10/10/blendwebmix-2018/
"Nosql, 4 bases à la loupe 2/4",6,https://hlassiege.wpcomstaging.com/2012/11/11/nosql-4-bases-a-la-loupe-24/
"La programmation fonctionnelle, petite présentation chez Arolla",5,https://eventuallycoding.com/2011/05/03/328/
"Interview d'une société collaborative : Scopyleft",5,https://hlassiege.wpcomstaging.com/2014/01/12/interview-dune-societe-collaborative-scopyleft/
"Ah qu'il est bon de rire parfois, le retour de la vengeance",5,https://eventuallycoding.com/?p=542
"Maven : que Perforce soit avec toi",5,https://eventuallycoding.com/2012/04/14/maven-que-perforce-soit-avec-toi/
"Pragmatic programmer",5,https://hlassiege.wpcomstaging.com/2012/10/08/pragmatic-programmer/
"Mongodb covered query",5,https://hlassiege.wpcomstaging.com/2014/03/27/mongodb-covered-query/
"Obtenir une ceinture noire en Java, ça vous tente ?",5,https://eventuallycoding.com/?p=137
"Play framework, binding et performance",4,https://hlassiege.wpcomstaging.com/2011/10/23/play-framework-binding-et-performance/
"Interview d'une société collaborative : Neovia",4,https://eventuallycoding.com/2013/09/25/interview-dune-societe-collaborative-neovia/
"Sortie d'une custom field JIRA : hakanai-cascading-select",4,https://eventuallycoding.com/?p=157
"Java Vs C# : Eviter les conflits de nom dans les interfaces",4,https://eventuallycoding.com/2011/03/29/eviter-les-conflits-de-nom-dans-les-interfaces-en-c/
"Devoxx France 2012 jour 2/3",3,https://hlassiege.wpcomstaging.com/2012/04/22/devoxx-france-2012-jour-23/
"Substance, une librairie ""hype" pour Swing",3,https://eventuallycoding.com/2009/11/05/substance-une-librairie-hype-pour-swing/
"REX : Joomla et WordPress",3,https://eventuallycoding.com/2011/04/05/rex-joomla-et-wordpress/
"Devoxx France 2014",3,https://hlassiege.wpcomstaging.com/2014/04/21/devoxx-france-2014/
"Swing or not Swing, that is the question",3,https://eventuallycoding.com/2009/10/30/swing-or-not-swing-that-is-the-question/
"Maven, anneau de Sauron ou couteau suisse ?",3,https://eventuallycoding.com/2011/07/23/maven-anneau-de-sauron-ou-couteau-suisse/
"Atlassian User Group Paris 2010",3,https://eventuallycoding.com/2010/11/10/atlassian-user-group-paris-2010-2/
"Orion, où comment passer son IDE dans le cloud",2,https://eventuallycoding.com/2011/06/20/orion-ou-comment-passer-son-ide-dans-le-cloud/
"Lateral-Thoughts s'installe à Lyon !",2,https://hlassiege.wpcomstaging.com/2012/10/06/lateral-thoughts-sinstalle-a-lyon/
"Panorama Nosql",2,https://hlassiege.wpcomstaging.com/2013/07/21/panorama-nosql/
"Nosql, 4 bases à la loupe 4/4",2,https://hlassiege.wpcomstaging.com/2012/11/11/nosql-4-bases-a-la-loupe-44/
"Transitions agiles, où en sommes nous ?",2,https://eventuallycoding.com/2011/01/11/transitions-agiles-ou-en-sommes-nous-2/
"Devoxx France : Quicky, not dirty",2,https://hlassiege.wpcomstaging.com/2012/01/05/devoxx-france-quicky-not-dirty/
"Jouons !",2,https://eventuallycoding.com/2009/12/29/jouons/
"Java Vs C# : Les paramètres nommés et optionnels en C#",2,https://eventuallycoding.com/2011/02/03/java-vs-c-les-parametres-nommes-et-optionnels-en-c-2/
"Devoxx France 2012 jour 1/3",2,https://hlassiege.wpcomstaging.com/2012/04/22/devoxx-france-2012-jour-13/
"Mandrill et Lutung (timeoff Xeme journée)",2,https://hlassiege.wpcomstaging.com/2014/03/20/mandrill-et-lutung-timeoff-xeme-journee/
"La quête du Graal avec un cure-dent",2,https://hlassiege.wpcomstaging.com/2012/03/10/la-quete-du-graal-avec-un-cure-dent/
"Nouveau forum dédié à Play sur developpez.com",2,https://eventuallycoding.com/?p=142
"Hibernate vers JPA",2,https://hlassiege.wpcomstaging.com/2012/06/23/hibernate-vers-jpa/
"Ah qu'il est bon de rire parfois ! (29 janvier 2012)",2,https://eventuallycoding.com/?p=493
"Ouverture",1,https://eventuallycoding.com/2007/07/07/ouverture/
"J'ai lu pour vous : Programmation Android - De la conception au déploiement avec le SDK Google Android 2",1,https://eventuallycoding.com/?p=153
"WSN Paris 2011 : Flex, la revanche",1,https://eventuallycoding.com/2011/06/23/wsn-paris-2011-flex-la-revanche/
"Faire du soft sans budget ? (Nemrod 3/5)",1,https://eventuallycoding.com/2011/10/04/faire-du-soft-sans-budget-nemrod-35/
"Prenez garde au référentiel !",1,https://eventuallycoding.com/2010/07/07/prenez-garde-au-referentiel/
"Juste un café, ça ira merci !",1,https://hlassiege.wpcomstaging.com/2011/11/30/juste-un-cafe-ca-ira-merci/
"Retours d'expériences agile et lean",1,https://eventuallycoding.com/2010/09/16/retours-dexperiences-agile-et-lean/
"Java Vs C# : Les Property en C#",1,https://eventuallycoding.com/2011/03/18/java-vs-c-les-property-en-c/
"J'ai lu pour vous : Simplifiez et enrichissez vos développements JavaScript (Jquery)",1,https://eventuallycoding.com/?p=150
"Attention aux habitudes",1,https://eventuallycoding.com/2010/09/16/attention-aux-habitudes/
"Nosql, 4 bases à la loupe 3/4",1,https://hlassiege.wpcomstaging.com/2012/11/11/nosql-4-bases-a-la-loupe-34/
"Quelle techno pour se faire recruter ?",1,https://eventuallycoding.com/2011/04/19/quelle-techno-pour-se-faire-recruter/
"Java : Travailller sur des ResourceBundle en Chinois",1,https://eventuallycoding.com/2009/10/27/java-travailller-sur-des-resourcebundle-en-chinois/
"Ajout des articles developpez.com",1,https://eventuallycoding.com/?p=160
"Nemrod et Play Framework : love story (Nemrod 5/5)",1,https://hlassiege.wpcomstaging.com/2011/10/06/nemrod-et-play-framework-love-story-nemrod-55/
"Devoxx France 2012 jour 3/3",1,https://hlassiege.wpcomstaging.com/2012/04/23/devoxx-france-2012-jour-33/
