/,3352
/2021/09/01/differences-entre-vp-engineering-et-cto/,2547
/blog,1684
/2023/02/measuring-everything,1460
/2022/05/26/github-copilot,1400
/2022/01/11/outil-de-calcul-de-revenus-pour-freelance-et-salaries/,1119
/2023/01/questions-startup,999
/2023/01/faut-il-reecrire-de-zero,963
/2022/12/on-va-tous-perdre-nos-jobs,921
/2013/09/28/mongodb-utiliser-les-proprietes-de-vos-objectid-dans-vos-mapreduce/,851
/2019/07/03/mongodb-vers-postgresql,711
/2021/07/06/les-salaires-dans-la-tech,675
/2022/11/twitter-thoughts,670
/2023/02/not-only-about-technique,638
/2022/11/scrum-is-dead,590
/2022/01/31/que-fait-un-engineering-manager,579
/2014/10/07/le-10eme-homme/,551
/2022/05/14/impact-de-la-crise-tech-sur-les-salaires,547
/2022/05/14/impact-de-la-crise-tech-sur-les-salaires/,501
/resources,479
/2019/12/19/quest-ce-quun-ecosysteme-tech,467
/2021/06/24/senior-avec-6-ans-dexperience-et-apres/,457
/2014/01/24/calculer-ses-revenus-entre-eurl-sasu-et-salariat/,411
/2014/10/07/le-10eme-homme,402
/2022/05/04/spring-boot-et-vue-js-coderwatch-episode-4,396
/2021/07/06/les-salaires-dans-la-tech/,376
/2019/12/19/quest-ce-quun-ecosysteme-tech/,368
/2010/05/11/calcul-de-la-velocite,367
/2022/08/variable-salaries,359
/2021/05/03/cto-de-startup-a-scaleup/,319
/2021/06/24/senior-avec-6-ans-dexperience-et-apres,301
/2019/07/03/mongodb-vers-postgresql/,281
/2022/09/travailler-avec-contraintes,273
/2011/07/07/utiliser-mockito-et-powermock/,269
/2022/01/31/que-fait-un-engineering-manager/,259
/2015/04/09/zuul,238
/2021/10/07/faut-il-mesurer-la-performance-dune-equipe-engineering/,237
/2023/01/migration-to-nuxt,225
/2010/11/28/introduction-aux-tests-unitaires-et-aux-bouchons-en-c-2,222
/2010/11/28/introduction-aux-tests-unitaires-et-aux-bouchons-en-c-2/,218
/en/2023/02/measuring-everything,217
/2022/01/11/outil-de-calcul-de-revenus-pour-freelance-et-salaries,196
/2013/09/28/mongodb-utiliser-les-proprietes-de-vos-objectid-dans-vos-mapreduce,192
/2014/01/24/calculer-ses-revenus-entre-eurl-sasu-et-salariat,192
/2020/05/23/le-modele-spotify-un-echec-complet,191
/2023/03/amenez-ingenieurs-dans-la-salle,183
/2010/05/11/calcul-de-la-velocite/,181
/2022/05/19/malt-engineering-under-the-hood-gridsome,176
/en/2023/02/launching-impactful-software-engineering,173
/2021/05/03/cto-de-startup-a-scaleup,160
/2014/03/06/recherche-textuelle-avec-mongodb,158
/2021/09/01/differences-entre-vp-engineering-et-cto,156
/2012/12/07/les-societes-cooperatives,151
/2013/11/05/comparaison-de-moteurs-de-base-de-donnees-pour-du-stockage-de-logs/,151
/2022/04/30/faut-il-etre-passionne-pour-reussir-dans-le-dev,147
/2022/04/04/cest-lhistoire-dun-side-project,146
/2022/04/14/integration-et-dev-web-avec-bulma-vue-js-etc-coderwatch-episode-3,144
/2022/04/30/faut-il-etre-passionne-pour-reussir-dans-le-dev/,143
/2022/01/11/outil-de-calcul-de-revenus-pour-freelance-et-salaries/%C2%A0%C2%A0,140
/about,135
/2010/11/28/bonnes-pratique-de-codage-en-c-2,132
/2022/04/14/integration-and-web-development-with-bulma-vue-js-etc-coderwatch-episode-3,129
/2022/11/blog-migration-on-nuxt,129
/2010/11/28/bonnes-pratique-de-codage-en-c-2/,119
/2015/04/09/zuul/,117
/2023/02/impactful-software-engineering,113
/2023/02/launching-impactful-software-engineering,112
/2011/04/12/principe-agile-avoir-un-rythme-soutenable/,106
/2022/04/14/integration-et-dev-web-avec-bulma-vue-js-etc-coderwatch-episode-3/,103
/2015/05/05/microservice-la-decouverte-automatique-de-services/,98
/2021/06/14/pourquoi-le-sujet-nest-plus-dadopter-lagilite-mais-de-changer-de-culture-produit,97
/en/2023/03/being-in-the-room,96
/2017/09/29/feature-branching-vs-feature-flipping,95
/2019/04/01/eviter-le-principe-de-peter-ou-levolution-du-dev-vers-le-dev,94
/2020/09/21/les-metiers-de-lingenierie-informatique-vont-ils-disparaitre/,92
/2018/05/03/les-bases-de-linternationalisation,89
/2020/05/23/le-modele-spotify-un-echec-complet/,88
/2023/03/choisissez-vos-batailles,88
/en/2023/02/measuring-everything?ref=blef-fr,86
/en/2023/03/choose-your-battles,83
/2022/04/14/integration-and-web-development-with-bulma-vue-js-etc-coderwatch-episode-3/,79
/en/2023/02/impactful-software-engineering,75
/2022/04/08/coderwatch-episode-2-design-avec-figma-et-procreate/,71
/2011/09/20/18-mois-de-freelance-alors-quel-bilan,71
/2014/03/06/recherche-textuelle-avec-mongodb/,62
/2021/10/07/faut-il-mesurer-la-performance-dune-equipe-engineering,61
/2014/12/03/spring-boot-et-ansible-sont-sur-un-bateau/,59
/speaking,59
/2014/12/03/spring-boot-et-ansible-sont-sur-un-bateau,58
/2020/04/19/une-documentation-qui-vit/,57
/2022/04/04/cest-lhistoire-dun-side-project/,54
/2021/06/14/pourquoi-le-sujet-nest-plus-dadopter-lagilite-mais-de-changer-de-culture-produit/,54
/2017/09/29/feature-branching-vs-feature-flipping/,54
/2018/05/03/les-bases-de-linternationalisation/,54
/2022/05/04/spring-boot-et-vue-js-coderwatch-episode-4/,53
/2019/04/01/eviter-le-principe-de-peter-ou-levolution-du-dev-vers-le-dev/,50
/2021/11/25/recrutements-et-salaires-session-de-qa,48
/2014/05/09/paas-or-not-paas-that-is-the-question/,44
/2019/05/28/le-teletravail-chez-malt,41
/08/variable-salaries,40
/2013/11/27/principe-de-peter-et-corollaire-darchimede/,39
/2021/10/20/se-tenir-a-jour-dans-une-equipe-produit/,37
/2011/10/03/comment-valoriser-une-idee-nemrod-25/,36
/2020/12/07/les-paralleles-entre-le-dessin-et-le-developpement/,33
/2022/04/08/coderwatch-episode-2-design-with-figma-and-procreate/,32
/2020/07/20/rewrite-from-scratch,32
/2010/10/28/euh-lagilite-finalement-cest-pas-un-peu-une-secte-2,32
/2022/01/31/que-fait-un-engineering-manager/?utm_medium=email&_hsmi=203632911&_hsenc=p2ANqtz-9tuTP20vsVOct8V25ZRENyLxIVbnUotOw9oKpDv82el8VHZEyiVthKymgbhaaMXnxB9kbYEXVhCqJSK078EclcqsU1T-0inFTHkgCtzU68ZVv8THQ&utm_content=203632911&utm_source=hs_email,31
/2013/03/18/lateral-thinking,31
/2016/03/07/connecteur-mongo-postgresql/,30
/about/,30
/2023/02/not-only-about-technique?utm_campaign=Newsletter&utm_medium=email&_hsmi=246516978&_hsenc=p2ANqtz-974EhOZR8Ygj8SNfAi_9RYCcRxE3EbNmLFR4WOf1soVGXEIrLxH3vZHi_KA8AnSXwlT_iE17BEvPjnreAtfL2EInai9A&utm_content=246516978&utm_source=hs_email,30
/2011/09/20/18-mois-de-freelance-alors-quel-bilan/,28
/2022/04/04/this-is-the-story-of-a-side-project,28
//2022/08/variable-salaries,27
/2010/10/28/euh-lagilite-finalement-cest-pas-un-peu-une-secte-2/,25
/2022/11/scrum-is-dead?utm_campaign=Newsletter&utm_medium=email&_hsmi=234452356&_hsenc=p2ANqtz-8D6g7bay_NNe3-gyVuCgjufZaKVR0pnFgS2mYTnSFTxb4nKfEEYVWAa4JMrWteQjA1N83FCqRlDLPG3yCJXbUqczfcbg&utm_content=234452356&utm_source=hs_email,25
/2015/01/19/tarif-des-developpeurs-freelances,25
/2012/05/21/etes-vous-pompier-pyromane/,25
/2015/01/26/curseurs-et-mongodb/,24
/2021/10/20/se-tenir-a-jour-dans-une-equipe-produit,24
/2015/05/05/microservice-la-decouverte-automatique-de-services,24
/en/2023/01/questions-startup,24
/2021/07/06/les-salaires-dans-la-tech/amp/,23
/2012/05/21/etes-vous-pompier-pyromane,22
/index.php/mongodb-vers-postgresql/,21
/index.php/calculer-ses-revenus-entre-eurl-sasu-et-salariat/,21
/blog/,20
/blog?tag=salaires,19
/2013/09/09/serment-dhypocrite,19
/2013/08/12/travailler-autrement/,18
/2020/07/27/produit-versus-side-project/,18
/2014/07/16/spring-boot-dans-le-doute-reboote/,18
/2022/04/04/this-is-the-story-of-a-side-project/,18
/2022/04/08/coderwatch-episode-2-design-avec-figma-et-procreate,18
/2010/01/28/lets-swing/,18
/2012/12/07/les-societes-cooperatives/,17
/2016/04/24/slack-est-la-nouvelle-pause-clope/,17
/wp-content/uploads/2021/06/Dual_ladder.jpg,17
/2020/09/21/les-metiers-de-lingenierie-informatique-vont-ils-disparaitre,16
/fr,16
/2009/10/28/creer-des-fichiers-excel-avec-des-caracteres-chinois-en-java/,16
/2020/08/07/bataille-autour-des-donnees-et-du-cloud,16
/2015/04/13/micro-services-la-composition-de-page-avec-zuul-et-sitemesh/,15
/2015/12/22/vers-linfini-et-au-dela,14
/2016/07/08/embaucher-en-startup,14
/index.php/connecteur-mongo-postgresql,14
/blog?tag=coderwatch,14
/2011/04/12/principe-agile-avoir-un-rythme-soutenable,13
/2018/08/04/jen-ai-un-peu-ma-claque-du-startup-bashing/,13
/blog/?search=bulma,13
/en/2023/02/measuring-everything,13
/blog?tag=recrutement,13
/2011/03/23/java-vs-c-la-gestion-des-exceptions/,12
/blog?tag=freelance,12
/en/2023/02/not-only-about-technique,12
/2012/06/03/gagnez-vous-autant-quun-ingenieur-de-facebook,12
/2018/05/26/we-are-not-done-yet,12
/2016/05/19/recrutements-et-pensees-diverses-2,11
/2020/08/11/leconomie-des-tic,11
/2018/08/04/jen-ai-un-peu-ma-claque-du-startup-bashing,11
/2022/05/14/impact-de-la-crise-tech-sur-les-salaires/?utm_campaign=Newsletter&utm_medium=email&_hsmi=215292455&_hsenc=p2ANqtz-87fxSkfFGkJSGI9EzsJ4qBkM3W02HH2Rlj29DVA2KjBtFcmAF_CgvZmYpQLtavGYQB-aMaYBxAAd6nMWneM4ZXJDR_9g&utm_content=215292455&utm_source=hs_,11
/2022/09/travailler-avec-contraintes?utm_campaign=Newsletter&utm_medium=email&_hsmi=228777319&_hsenc=p2ANqtz-9w9PJ7rERHju21DOTuOD7BUurBhx9688lJTsHAR4gwlbraa1St5WvC31lTJ_B6CoGyg-WgEl-JI1HPWYFhWnvL5HWZ_0kJTjCYILM9-i-kYIhgVCg&utm_content=228777319&utm_source,11
/fr/blog,11
/2014/07/23/monit-pour-monitorer-vos-serveurs,11
/2016/05/16/entretiens-recrutements-et-pensees-diverses,11
/2015/01/26/curseurs-et-mongodb,11
/2013/08/12/travailler-autrement,10
/2016/03/14/les-levees-de-fond-en-startup,10
/2020/04/19/une-documentation-qui-vit,10
/2012/11/11/nosql-4-bases-a-la-loupe-14/,10
/en/2023/02/staffeng.com,10
/2014/09/30/freelance-salarie-les-chiffres,9
/2013/07/20/eventual-coder/,9
/2016/03/07/connecteur-mongo-postgresql,9
/2020/03/02/integration-avec-hull-et-considerations-pratiques-sur-lusage-dapis,9
/2012/10/08/pragmatic-programmer/,9
/2010/10/19/reussir-une-transition-agile-pas-si-simple/,9
/2019/05/28/le-teletravail-chez-malt/,9
/2022/04/08/coderwatch-episode-2-design-with-figma-and-procreate,8
/2016/06/16/recruter-futurs-pairs-autour-dun-verre,8
/2012/07/01/wecodelikestars-com,8
/2016/06/16/recruter-futurs-pairs-autour-dun-verre/,8
/2020/07/27/produit-versus-side-project,8
/2014/01/24/maintenir-vos-donnees-avec-mongeez,8
/2016/12/16/hopwork-is-coming,8
/blog?tag=startup,8
/2013/09/09/serment-dhypocrite/,8
/2023/01/questions-startup?utm_source=pocket_mylist,7
/blog?tag=agile,7
/2015/04/13/micro-services-la-composition-de-page-avec-zuul-et-sitemesh,7
/2013/08/21/fabric-vagrant,7
/2020/08/03/leurope-entre-le-marteau-chinois-et-lenclume-us,7
/blog?tag=product,7
/2022/05/14/impact-de-la-crise-tech-sur-les-salaires/?utm_campaign=Newsletter&utm_medium=email&_hsmi=221914202&_hsenc=p2ANqtz-9VADsh9XpApWcQyvQJV9XfG9HSbEAdSBRaWxVoZK7Ba9q2-4HWBBfDu3AGTk3VBz7XENTV-eQYqM_fTZ5e-y0mcp6fHQ&utm_content=221914202&utm_source=hs_,7
/2014/07/23/monit-pour-monitorer-vos-serveurs/,7
/2021/06/24/senior-avec-6-ans-dexperience-et-apres?_x_tr_sl=sv&_x_tr_tl=en&_x_tr_hl=en-US&_x_tr_pto=wapp,6
/2020/08/11/leconomie-des-tic/,6
/blog?tag=ecosysteme,6
/2022/01/11/outil-de-calcul-de-revenus-pour-freelance-et-salaries/?utm_source=pocket_mylist,6
/2021/05/03/cto-de-startup-a-scaleup/amp,6
/blog?tag=senior,6
/2021/07/06/les-salaires-dans-la-tech/comment-page-1/,6
/2020/12/07/les-paralleles-entre-le-dessin-et-le-developpement,6
/2016/04/24/slack-est-la-nouvelle-pause-clope,6
/2009/11/05/substance-une-librairie-hype-pour-swing,6
/blog?tag=impact,6
/2013/12/08/on-devrait-toujours-travailler-comme-ca-bis,6
/2022/05/26/github-copilot?utm_source=pocket_mylist,6
/en/2022/04/04/this-is-the-story-of-a-side-project,6
/2013/03/18/lateral-thinking/,6
/index.php/lateral-thinking/,6
/2014/03/17/ansible-timeoff-lt-1ere-journee,6
/2012/11/11/nosql-4-bases-a-la-loupe-14,6
/2022/01/31/que-fait-un-engineering-manager/?_x_tr_sl=auto&_x_tr_tl=en&_x_tr_hl=en-US&_x_tr_pto=wapp,6
/index.php/le-10eme-homme/,6
/en/2023/02/being-in-the-room,5
/2014/01/18/partir-de-paris-1-an-apres,5
/20ez/12/on-va-tous-perdre-nos-jobs,5
/2022/01/31/que-fait-un-engineering-manager/?utm_medium=email&_hsmi=203632911&utm_content=203632911&utm_source=hs_email,5
/2020/07/20/rewrite-from-scratch/,5
/2013/08/16/fabric-moi-un-cluster/,5
/2014/06/03/tu-fais-quoi-dans-la-vie,5
/2022/08/variable-salaries?utm_campaign=Newsletter&utm_medium=email&_hsmi=225501590&utm_content=225501590&utm_source=hs_email,5
/index.php/feed,5
/blog?tag=spring-boot,5
/index.php/feed/,5
/2010/01/28/lets-swing,5
/2022/08/variable-salaries?utm_campaign=Newsletter&utm_medium=email&_hsmi=225501590&_hsenc=p2ANqtz--Mlcn7kOxMjpcH92ymN-E9IlIYO098W0r7doRrRpfwCYzg1koYok2QvwU5f60srRovLZ5STPrKH_KX-xFfPU3NtB5whQ&utm_content=225501590&utm_source=hs_email,5
/blog?tag=malt,5
/index.php/spring-boot-dans-le-doute-reboote/,4
/wp-content/uploads/2021/09/Illustration_sans_titre-18.jpg,4
/2022/11/scrum-is-dead?utm_campaign=Newsletter&utm_medium=email&_hsmi=234452356&_hsenc=p2ANqtz-_zn0W7Wc7rp9O8dVH8DY6UqmK_qDa4XAbzOQgNmgqt-OuSWo0D60UaBaYYxshDa8iq8FfKDOzq4kCwA1JutrN0KIJ2_Q&utm_content=234452356&utm_source=hs_email,4
/wp-content/uploads/2019/04/070c8-peters_principle.svg_.png,4
/2013/07/21/panorama-nosql,4
/2022/05/14/impact-de-la-crise-tech-sur-les-salaires/?utm_campaign=Newsletter&utm_medium=email&_hsmi=221914202&_hsenc=p2ANqtz--9nT0M1oyRo1kQoHOdSPHYPFARDdi2IkxrOB5j2L9nb2pMWnSucB6XEER2kCXRvMFPA5YzlJG45CHbmw2eiVPedk-Iy8YfMVMYBIvB5nRcV_QVFVA&utm_content=221,4
/2023/02/not-only-about-technique?utm_source=pocket_saves,4
/blog?tag=scrum,4
/blog?tag=engineering,4
/2011/04/19/quelle-techno-pour-se-faire-recruter,4
/2021/06/24/senior-avec-6-ans-dexperience-et-apres/amp/,4
/2023/01/questions-startup?utm_campaign=Newsletter&utm_medium=email&_hsmi=244452646&_hsenc=p2ANqtz-8jxYCFyN5oElo136nMtHInJBGX_3kPPKYZNWJdX0ST3G7M3Yg4syZOxdRP0nQrdKuApDFKz4ZRAhRcZ7LrMvvMqJYT3A&utm_content=244452646&utm_source=hs_email,4
/2010/05/25/linformaticien-un-artisan-ou-pas/,4
/index.php/nosql-4-bases-a-la-loupe-14/,4
/2011/10/23/play-framework-binding-et-performance/,4
/2012/12/07/null,4
/2022/09/travailler-avec-contraintes?utm_campaign=Newsletter&utm_medium=email&_hsmi=228777319&_hsenc=p2ANqtz-_Xuw10sfnEEdvowBfers76UXFARLDPp7M8hHLklOGGxM_4KNz3IRhQqmC9WNbefEoCzq5VHUe5vsFOKjDOfb1Z526C0w&utm_content=228777319&utm_source=hs_email,4
/2014/01/24/maintenir-vos-donnees-avec-mongeez/,4
/blog?tag=bulma,4
/wp-content/uploads/2021/05/pasted-image-0.png,4
/2010/09/16/attention-aux-habitudes,4
/2022/05/14/impact-de-la-crise-tech-sur-les-salaires/?utm_campaign=Newsletter&utm_medium=email&_hsmi=215292455&utm_content=215292455&utm_source=hs_email,4
/blog?tag=career-path,4
/2013/08/21/fabric-vagrant/,4
/wp-content/uploads/2022/01/Illustration_sans_titre-50.jpg,4
/2015/01/16/on-vend-une-competence-pas-un-lieu,4
/2022/05/14/impact-de-la-crise-tech-sur-les-salaires/?utm_campaign=Newsletter&utm_medium=email&_hsmi=221914202&_hsenc=p2ANqtz-9XikqqzcBl4lHGGbWpOTRSWRF6fkvX26zIDjB24c2qgPAZv_XuMYpVDrYJHNPhftx3_vh6tAHJVe5bu1iYDc_R03WuQg&utm_content=221914202&utm_source=hs_,4
/2022/11/scrum-is-dead?utm_source=pocket_saves,4
/2023/01/questions-startup?utm_campaign=Newsletter&utm_medium=email&_hsmi=244452646&utm_content=244452646&utm_source=hs_email,4
/blog?tag=tech,4
/en/2022/04/14/integration-and-web-development-with-bulma-vue-js-etc-coderwatch-episode-3,4
/wp-content/uploads/2018/05/c13cf-image12.png,4
/wp-content/uploads/2021/09/Illustration_sans_titre-17.jpg,3
/2022/05/14/impact-de-la-crise-tech-sur-les-salaires/?utm_campaign=Newsletter&utm_medium=email&_hsmi=221914202&utm_content=221914202&utm_source=hs_email,3
/blog?tag=measures,3
/2014/01/12/interview-dune-societe-collaborative-scopyleft/,3
/2022/09/travailler-avec-contraintes?utm_campaign=Newsletter&utm_medium=email&_hsmi=228777319&_hsenc=p2ANqtz-8fa1TqbD7tm43lSZ1qJj3xEadTRTT45yGHYtiZRcRipMPaM6sE0AV-46sRef6kktVx5r9u0Hqk-rrWMRD5kYq8N86yAw&utm_content=228777319&utm_source=hs_email,3
"/2021/07/06/les-salaires-dans-la-tech/?utm_source=Sourceurs%3F%20Non,%20peut-%C3%AAtre%20%21&utm_campaign=b382bb1a48-EMAIL_CAMPAIGN_2020_06_12_09_34_COPY_01&utm_medium=email&utm_term=0_8877fd8c2b-b382bb1a48-461351713",3
/blog?tag=discovery,3
/2023/02/not-only-about-technique?utm_campaign=Newsletter&utm_medium=email&_hsmi=246516978&_hsenc=p2ANqtz-_T8PcfLn9-ik-kpGGZaPfXGG2xReDrC2iiXGZxEZd9VuAvKhfbE3DLEvCXrb3whFU_xyyUdZkBP9qj9rKPfgvGpof48w&utm_content=246516978&utm_source=hs_email,3
/2023/01/questions-startup?utm_campaign=Newsletter&utm_medium=email&_hsmi=244452646&_hsenc=p2ANqtz-82pKqKrosk97NAvmz_VD9eam3_rqH6OGjYv8qQcJMtUz2lkQ9A72vnlNk2K3vReJHUXrFkK4js-kPfiurVXLP_9E6XHnD1BFe2pZNt8kJd7S46l4Q&utm_content=244452646&utm_source=hs_email,3
/wp-content/uploads/2021/09/Illustration_sans_titre-19.jpg,3
/2009/10/27/java-travailller-sur-des-resourcebundle-en-chinois,3
/blog?tag=passion,3
/2022/05/14/impact-de-la-crise-tech-sur-les-salaires/amp/,3
/2013/11/05/comparaison-de-moteurs-de-base-de-donnees-pour-du-stockage-de-logs,3
/2023/02/not-only-about-technique?utm_campaign=Newsletter&utm_medium=email&_hsmi=246516978&_hsenc=p2ANqtz--cYqbGVzB1sEFs6AVkiisAXJN9SvS8eisC61Uja1U5DixCUDCQ7zqE8ZpC6rsvBpR6afn0EzjMZuQwFuRvLaCKsIWmu0L86458NujCAYjdSs0PpPM&utm_content=246516978&utm_source=hs,3
/wp-content/uploads/2022/04/pasted-image-0.png,3
/2018/11/21/une-armee-mexicaine,3
/2022/11/scrum-is-dead?utm_campaign=Newsletter&utm_medium=email&_hsmi=234452356&_hsenc=p2ANqtz-_9UF2FvHn_IrLH0m-PMoHe0IJ69mKPrdQw33GtDGFWBZn6tOkVANSpSHsc4uFfn5htQ8uUmPNMhuKCJ3xX0Qfh8Id4Kg&utm_content=234452356&utm_source=hs_email,3
/2023/02/staffeng.com,3
/2018/11/21/une-armee-mexicaine/,3
/2023/01/questions-startup?utm_campaign=Newsletter&utm_medium=email&_hsmi=244452646&_hsenc=p2ANqtz-9OfOBfIB2dw6gxDPgRUNy7nTFUvfgSpioXK2y0hnKJzSJkqe8u7i4qUqGWupFJeMpN4dCqbGH__H3PZVzT8h_Kwv24Jg&utm_content=244452646&utm_source=hs_email,3
/2011/11/05/les-tests-dihm-avec-play/,3
/2022/05/14/impact-de-la-crise-tech-sur-les-salaires/?utm_campaign=Newsletter&utm_medium=email&_hsmi=215292455&_hsenc=p2ANqtz-_xrYLZDsYf8vurtCav2jj-4uLYXzcQiL98pPtwHN6wh_QGpHT1Y_bD2OjqMENh_GmyxZV4tCaXIx6F9gvp_ZbRqV9qV-AY8M7fS3l8_Oo_kiaC_zU&utm_content=215,3
/2013/11/27/principe-de-peter-et-corollaire-darchimede,3
/blog?tag=humour,3
/2023/01/questions-startup?utm_campaign=Newsletter&utm_medium=email&_hsmi=244452646&_hsenc=p2ANqtz-9xLZ5SmJ5JquMDTGLH4JwArR3c-YEsztCoyAnZSob2ubGfZlEqUKjoE7wLXKqHJmt0r8ex6DApdOWEdPdlZU0HJx4ayQ&utm_content=244452646&utm_source=hs_email,3
/wp-content/uploads/2022/01/Illustration_sans_titre-51.jpg,3
/2021/09/01/differences-entre-vp-engineering-et-cto/?utm_medium=email&_hsmi=157946384&_hsenc=p2ANqtz-8oSmT-V3VycJgbcMapW3dkBpmW9Ax27y5oE-dqE86I3KBiKof4e26gxF3JvSExpUCPXgQbt6lVhYytQb6Y--vw3UpwmieXsldcIKxcJhGlaslYd18&utm_content=157946384&utm_source=hs_emai,3
/blog?tag=cto,3
/blog?tag=levee-de-fonds,3
/2022/11/scrum-is-dead?utm_campaign=Newsletter&utm_medium=email&_hsmi=234452356&_hsenc=p2ANqtz-_X0-DCd3EAdqxQGBpCkUK3hMxUBtdInmFq0L8tuth0Vl1WkXXGW9eM2i-KdI9JiOQQFtDA55rDbUuV1c1z91PQ6oWghc3SEzVI-8_0YYWp_GIzfWE&utm_content=234452356&utm_source=hs_email,3
/2022/05/14/impact-de-la-crise-tech-sur-les-salaires/?utm_campaign=Newsletter&utm_medium=email&_hsmi=215292455&_hsenc=p2ANqtz-_3i_Mot5vKo0Rz7_rO-2BSgSCeVHT65DWYFzwcJJFvakFVU-Ck9qsi8TuRhr8HfNLooxxl6awZpvnQtcc0k_FnTPOkrw&utm_content=215292455&utm_source=hs_,3
/blog?tag=accelerate,3
/blog?tag=dev,3
/2022/05/14/impact-de-la-crise-tech-sur-les-salaires/?utm_campaign=Newsletter&utm_medium=email&_hsmi=215292455&_hsenc=p2ANqtz--evIZMTyAtTN8LAhKLpoJsKGIWTRtEpFRUH5GDLxvMEO7-J6EwezIDSSwqaU7KEmhSM_9nRxgg-GSdxbCPHF1pECcgamBMKCdQbkfjr9RImZnRkO8&utm_content=215,3
/2022/05/14/impact-de-la-crise-tech-sur-les-salaires/?utm_campaign=Newsletter&utm_medium=email&_hsmi=215292455&_hsenc=p2ANqtz-9jmAL15cdN7RT4qqgtKn3ptLTLT4fHRrfEesSeU5yu5dyT-Lmkvytheg1_nt6ChcIMRWqsAoC-xaE885ZQ9zY0P1XRZA&utm_content=215292455&utm_source=hs_,3
/2022/11/scrum-is-dead?utm_campaign=Newsletter&utm_medium=email&_hsmi=234452356&_hsenc=p2ANqtz-_XGYoQywwfVD1aKQR-8SoMs0akXycyuUFrpsiNaGqvZhHi3jcdIMRuCnRTZ5sSQwZxc41AzEZWyb18byLK_nVniI4Qxg&utm_content=234452356&utm_source=hs_email,3
/2013/07/20/eventual-coder,3
/index.php/le-teletravail-chez-malt/,3
/2022/05/14/impact-de-la-crise-tech-sur-les-salaires/?utm_campaign=Newsletter&utm_medium=email&_hsmi=215292455&_hsenc=p2ANqtz-_TKjAPTWTADpLYUNtm6XoPiZSgaLhkWH5F8gHd4qMl2m7KDQ7ZnnLr1oi6E2eIvD2uAVsdhIZXYClC_B31BE1PqLg_tA&utm_content=215292455&utm_source=hs_,2
/blog?tag=Dev%20Experience,2
/https:/youtu.be/igs5RjxnYJ4?t=3104,2
/2012/06/03/gagnez-vous-autant-quun-ingenieur-de-facebook?ht-comment-id=7359297,2
/index.php/euh-lagilite-finalement-cest-pas-un-peu-une-secte-2/,2
/wp-content/uploads/2022/01/Illustration_sans_titre-58.jpg,2
/2021/06/24/senior-avec-6-ans-dexperience-et-apres?_x_tr_sl=sv&_x_tr_sl=sv&_x_tr_tl=en&_x_tr_tl=en&_x_tr_hl=en-US&_x_tr_hl=en-US&_x_tr_pto=wapp&_x_tr_pto=wapp,2
/2022/08/variable-salaries?_hsmi=225501590&utm_source=pocket_mylist,2
/tag/delivery/,2
/2012/11/11/nosql-4-bases-a-la-loupe-24,2
/2023/01/questions-startup?utm_campaign=Newsletter&utm_medium=email&_hsmi=244452646&_hsenc=p2ANqtz-93bC51JM2cPt2q7yW-WO9uqxN6FOd9R-1NVnTUXhKRUa9vVnOj7H7AMc52G8uWMJoaLv8Gcsp1tYYGSCLcJ6P-1CiziA&utm_content=244452646&utm_source=hs_email,2
/2010/03/16/jai-lu-pour-vous-scrum-le-guide-pratique-de-la-methode-agile-la-plus-populaire,2
/blog?tag=rewrite,2
/index.php/les-bases-de-linternationalisation/,2
/2014/03/27/mongodb-covered-query,2
/2022/11/scrum-is-dead?utm_campaign=Newsletter&utm_medium=email&_hsmi=234452356&_hsenc=p2ANqtz-87jpvCiEtsawDz3LKH5hMfH7OfOG-7JAgyhYC0-94Rw2kk-6D0nwtYSPbHNWOTabJ0YTHQAX9MPkiFYpGkRci5ReGAIIRNAy5z6DWInypQqbeI6GM&utm_content=234452356&utm_source=hs_email,2
/2021/05/03/cto-de-startup-a-scaleup/?utm_medium=email&_hsmi=126746357&utm_content=126746357&utm_source=hs_email,2
/2022/05/14/impact-de-la-crise-tech-sur-les-salaires/?utm_campaign=Newsletter&utm_source=hs_email&utm_medium=email&_hsenc=p2ANqtz-8yP4BnLIB-SAyLejyNVGLcK-j95ZCdfpfZtTyQNotzbQLBzG52cJyARpNExSTTDJGZ7iSo,2
/2022/11/scrum-is-dead?s=09&_sm_pdc=1&_sm_rid=384DvTTPvfqSH03fNFMfDJJ2H658JvvTDfDtkvF,2
/2012/11/11/nosql-4-bases-a-la-loupe-44,2
/2014/09/30/freelance-salarie-les-chiffres/,2
/index.php/eviter-le-principe-de-peter-ou-levolution-du-dev-vers-le-dev/,2
/2022/08/variable-salaries?ht-comment-id=7359297,2
/2007/07/07/ouverture,2
/2022/05/14/impact-de-la-crise-tech-sur-les-salaires/?utm_campaign=Newsletter&utm_medium=email&_hsmi=221914202&_hsenc=p2ANqtz-8zZ6I-64XtTgdlGptZIQE-XjdzB3rJBEQCh_XLvUVGZT-XsjAtHLbRvbmnAncbBUhmbAJwR-AGKvbuv4cTeTMpH6sFaw&utm_content=221914202&utm_source=hs_,2
/index.php/micro-services-la-composition-de-page-avec-zuul-et-sitemesh/,2
/2022/05/14/impact-de-la-crise-tech-sur-les-salaires/?utm_campaign=Newsletter&utm_medium=email&_hsmi=215292455&_hsenc=p2ANqtz-_A8Q_zhduyK_J_8KarVaNZPmgw8bubY4GzaX8fGCpRzXioS8gXGNXeXCPsAIhlNJjnrp_cfcPB6fKgCw_kUdHkdzgwzJSHaFvzg7nOkAVUtHx_ux8&utm_content=215,2
/2022/08/variable-salaries?utm_campaign=Newsletter&utm_medium=email&_hsmi=225501590&_hsenc=p2ANqtz-95JL-M03qKbhXgHtG7P6BBh51d-RaYsVow01lDdOfMGAHrHj-UfCpvk9WuQ181BFQaJ59vJriR4F2Fzu7A1_L1jpDZpX3gEMpBCtNGpOAhNQhKwHA&utm_content=225501590&utm_source=hs_email,2
/2015/12/22/vers-linfini-et-au-dela/,2
/2022/05/14/impact-de-la-crise-tech-sur-les-salaires/?utm_source=pocket_mylist,2
/2012/06/23/hibernate-vers-jpa,2
/2022/08/variable-salaries?utm_campaign=Newsletter&utm_medium=email&_hsmi=225501590&_hsenc=p2ANqtz-_BaF8JGmccua_TZey3XsW7ZTKSD7Nw4AdmfQe5uDMcfnoY6s_o6OROapXrfgGGD7XyEChP28rG7w1-GvGPnDrfgqwu6A&utm_content=225501590&utm_source=hs_email,2
/2022/11/scrum-is-dead?utm_campaign=Newsletter&utm_medium=email&_hsmi=234452356&_hsenc=p2ANqtz-8EcPNh-Fm8cJoJvSTSt5pth_F7aZuRnplbHc_0aLqpH2PvpxFXufxpdJeF7WIuGdmcB_6qJFHad09BU7l71C6TMZ-iSA&utm_content=234452356&utm_source=hs_email,2
/index.php/microservice-la-decouverte-automatique-de-services/,2
/2014/05/09/paas-or-not-paas-that-is-the-question,2
/2022/05/14/impact-de-la-crise-tech-sur-les-salaires/?utm_campaign=Newsletter&utm_medium=email&_hsmi=221914202&_hsenc=p2ANqtz-_pxthYF9OzmhZgBPXwk-Ex6Ja1_Giav27pZtccoVwzRZr9g22Q9bapin4sqJCTVmTyPl0K2URoK2xNyfXxyYlscZZIzx0qHfdna670T3FV8fcFjRc&utm_content=221,2
/blog?tag=elasticsearch,2
/wp-content/uploads/2021/09/Illustration_sans_titre-20.jpg,2
/2021/06/24/senior-avec-6-ans-dexperience-et-apres/?utm_source=pocket_mylist,2
/2022/05/14/impact-de-la-crise-tech-sur-les-salaires/?utm_campaign=Newsletter&utm_medium=email&_hsmi=221914202&_hsenc=p2ANqtz-_U7K_exkXJ7yykJh5vPVMaiYf20wHgSXntffVUBSViY2KIXYJ7Kj8XNmwkd3uvMHzaunlyvvb3ouljBc36VT8Q3WqQu3-dfHVfb4P3WOy72OnV10I&utm_content=221,2
/2022/11/scrum-is-dead?utm_campaign=Newsletter&utm_medium=email&_hsmi=234452356&_hsenc=p2ANqtz-8FBV8m3ubSEZKGnTkaUcEgMgo47N3FxVg9C1pFhwztLjevijEF8_wgBSOluwfkeX10sSCaHGz4b5ky8s0VZYoXEpYqlFxzFy5H-qOu_tUwc6jbK_U&utm_content=234452356&utm_source=hs_email,2
/2018/10/10/blendwebmix-2018,2
/wp-content/uploads/2021/10/Illustration_sans_titre-1.jpg,2
/2023/02/null,2
/2012/07/01/wecodelikestars-com/,2
/2022/05/14/impact-de-la-crise-tech-sur-les-salaires/?utm_campaign=Newsletter&utm_medium=email&_hsmi=215292455&_hsenc=p2ANqtz--mH0lIBwi614FHzO2VmaBFdHRMnzPefpxWCC3ITyMEQTnjG501Pl4ZseYP0Gg6TjNwg4MvcSj4WZYMDZVzqJXs3vf2TQ&utm_content=215292455&utm_source=hs_,2
/wp-content/uploads/2021/05/pasted-image-0-1.png,2
/blog?tag=side-project,2
/2016/03/07/connecteur-mongo-postgresql/comment-page-1/,2
/blog/feed,2
/resources/,2
/wp-content/uploads/2022/05/crisis.png,2
/2011/05/01/java-vs-c-les-types-valeurs-en-c/,2
/2021/06/24/senior-avec-6-ans-dexperience-et-apres/amp/?__twitter_impression=true&s=08,2
/2022/08/variable-salaries?utm_campaign=Newsletter&utm_medium=email&_hsmi=225501590&_hsenc=p2ANqtz--A2ULBBeTeV9XAGr9YjiQVZyorqaah80sTNxljavvVmZMlJE0bK0-OB2glmkoqQ84aH6uQA4AY9NLm9NpzoJ9o_t7lgQ&utm_content=225501590&utm_source=hs_email,2
/2023/02/not-only-about-technique?utm_campaign=Newsletter&utm_medium=email&_hsmi=246516978&_hsenc=p2ANqtz-8UvT9PGbn3UChaKq6S8Sy8zNC-ZwZ3t5N_zA123O6HtHaJF1TTbZJN3_4L6FVujVZK2iTnC1POwRnEwx_DUxpnZc9yAvRnOpgLIBTDC2HJ_VdyOVE&utm_content=246516978&utm_source=hs,2
/index.php/on-devrait-toujours-travailler-comme-ca-bis/,2
/2014/07/16/spring-boot-dans-le-doute-reboote,2
/wp-content/uploads/2022/01/Illustration_sans_titre-44.jpg,2
/2012/10/06/lateral-thoughts-sinstalle-a-lyon/,2
/2009/10/30/swing-or-not-swing-that-is-the-question,2
/2013/01/25/dis-tonton-pourquoi-tu-tousses,2
/wp-content/uploads/2022/05/doc-emails.png,2
/2022/11/scrum-is-dead?utm_campaign=Newsletter&utm_medium=email&_hsmi=234452356&utm_content=234452356&utm_source=hs_email,2
/2023/02/not-only-about-technique?_hsmi=246516978,2
/2012/10/08/pragmatic-programmer,2
/2020/08/03/leurope-entre-le-marteau-chinois-et-lenclume-us/,2
/2022/05/14/impact-de-la-crise-tech-sur-les-salaires/?utm_campaign=Newsletter&utm_medium=email&_hsmi=215292455&_hsenc=p2ANqtz--pDM2bP8IhqeZ8EEMHePxqEG_9dsJjgvF0KN2NmBPiA1bJhD-pJ8iP-qeox2iHkOwD5AV5N1sykY_51EySTlEXwxlYnw&utm_content=215292455&utm_source=hs_,2
/2011/05/28/les-technos-de-demain-selon-whats-next-paris,2
/2022/08/variable-salaries?utm_campaign=Newsletter&utm_medium=email&_hsmi=225501590&_hsenc=p2ANqtz--ehDFps1VCeTYLgf0z_F301kKHxw1wyEFNWwJBHCuQroTcze4-50HpaoozB9mpJ7dQZRakDedoh3n6J-LnNviGg4E8Sw&utm_content=225501590&utm_source=hs_email,2
/2022/11/scrum-is-dead?utm_campaign=Newsletter&utm_medium=email&_hsmi=234452356&_hsenc=p2ANqtz--pg-Vh-KxEt0CLA3mXTq_9YGKcNTuvbNCspYsRKvzu6gs2CY7pHLdWxV5cZtLieiToufFQ4-u2mK_coN_KrnqtoOevnOkXRTV8a8Pa8UXXQfad1IY&utm_content=234452356&utm_source=hs_email,2
/2022/08/variable-salaries?utm_campaign=Newsletter&utm_medium=email&_hsmi=225501590&_hsenc=p2ANqtz-8frVyqFrWq0dI4NUqyXmy9hVETA-Cnk8b_5PBzW7d6qQzOs1Fn8tneH5pEctk4Pi5ppaj5N0KnTicl1qNWw1fWtN4eQQ&utm_content=225501590&utm_source=hs_email,2
/2022/09/work-with-constraints,2
/blog?tag=swing,2
/2023/02/not-only-about-technique?s=09,2
/2023/01/questions-startup?utm_campaign=Newsletter&utm_medium=email&_hsmi=244452646&_hsenc=p2ANqtz--OhkdumTEPZbE6kefGGbfngORBzvTkJ-UeF8zkqovJAxqLTDQP3KEf_n0I4TLhfFVqnuToZT00fENZ-gJwt3_ayO5Z5UKtDtTddkz1-varh7RtnDw&utm_content=244452646&utm_source=hs_email,2
/wp-content/uploads/2022/05/pasted-image-0-10.png,2
/2021/07/06/les-salaires-dans-la-tech?ht-comment-id=7359297,2
/index.php/creer-un-soft-on-fait-comment-nemrod-15/,2
/2013/12/08/on-devrait-toujours-travailler-comme-ca-bis/,2
/2021/06/14/pourquoi-le-sujet-nest-plus-dadopter-lagilite-mais-de-changer-de-culture-produit/?utm_source=pocket_mylist,2
/05/26/github-copilot,2
/wp-content/uploads/2016/04/49c3b-gotslack.jpg,2
/2023/02/not-only-about-technique?utm_campaign=Newsletter&utm_medium=email&_hsmi=246516978&_hsenc=p2ANqtz-808uqk2_12FUHOV2xYs1UCvsO4P2F0q_sqrszJekPMtNeXBiQpM3vpKJlP1bijTDuWL6ROKgIhqvhihXof9hIdzEeL5QhLvL_dcwvaPjAEcbfN7SY&utm_content=246516978&utm_source=hs,2
/blog?tag=refactoring,2
/2014/03/17/ansible-timeoff-lt-1ere-journee/,2
/en/2023/02/null,2
/2021/09/01/differences-entre-vp-engineering-et-cto/?utm_source=hs_email&utm_medium=email&_hsenc=p2ANqtz--zHdFmAhgFAIltFBBX08-s2iDBQGZ4uyQ7Pym49HoU6FVsKgz3_lYBKxCXvriQoiFHiuRQ,2
/index.php/dis-tonton-pourquoi-tu-tousses/,2
/2016/05/16/entretiens-recrutements-et-pensees-diverses/,2
/2023/01/questions-startup?utm_campaign=Newsletter&utm_medium=email&_hsmi=244452646&_hsenc=p2ANqtz-8-R4gMPWeAch6EVIoFihQpCkKvlhQlO5RIkHh8yf_TWDJwRINYP4T8NHdpQbitJjQARJzqmKbltsqleERmwkByyvsGgw&utm_content=244452646&utm_source=hs_email,2
/2022/05/14/impact-de-la-crise-tech-sur-les-salaires/?utm_campaign=Newsletter&utm_medium=email&_hsmi=221914202&_hsenc=p2ANqtz-_yri2DT99YAo61CX7X9kbvAgbPFthS2yOdKTcMuvUDIqm39X3R4HdT-ixFkAR4nFGVDV22Tkr9BJ2PvoDTpRAxZjQHur4PS2Ih3kSewQo41pFUxPs&utm_content=221,1
/2022/08/variable-salaries?utm_campaign=Newsletter&utm_medium=email&_hsmi=225501590&_hsenc=p2ANqtz-8VavDvky0V6dtB6_RSw1pf-BqMQtn_axYWex0kdYci9RdTC2AICvbiRP5hET_dzBWTY3IUEkJlf0DMoZvZbiYJGjW90m8jTDdk9eJIjWEsGEA9uaY&utm_content=225501590&utm_source=hs_email,1
/2022/11/scrum-is-dead?utm_campaign=Newsletter&utm_medium=email&_hsmi=234452356&_hsenc=p2ANqtz-90IACSDi95mQ8Xti3QlRh-RWdZq0dUqHjT4FmZ1H2sL7LOhly6WMMUcXHzYPLb_MwY0CKTZ0R9Lriv-9n7qfdA0tEUsA&utm_content=234452356&utm_source=hs_email,1
/2013/09/25/interview-dune-societe-collaborative-neovia,1
/2015/11/04/lentreprise-liberee-pas-faite-pour-les-freelances/,1
/2021/05/03/cto-de-startup-a-scaleup/?utm_medium=email&_hsmi=126746357&_hsenc=p2ANqtz-9DqUqOt3T_fAHgaj0ET9i1g8UVEPCWKy9bWNuDIyfHqxbKtDtjmDRI2FP6tWyMwGc9pPfO35wyxX_X9x25EMCYuXwXPw&utm_content=126746357&utm_source=hs_email,1
/2022/05/14/impact-de-la-crise-tech-sur-les-salaires/?utm_campaign=Newsletter&utm_medium=email&_hsmi=215292455&_hsenc=p2ANqtz-8WxQoagW7f5wdLBxHqlWhq8xe51uUOh9Fo7FhAUlhgGluA9Sl4A2Kfh7EFrW3MfQ1juneYl51PHxeyAbSA7s7S-8xcIw&utm_content=215292455&utm_source=hs_,1
/2023/01/questions-startup?utm_campaign=Newsletter&utm_medium=email&_hsmi=244452646&_hsenc=p2ANqtz-_UjKuBHzzZv4PoXSPiSLxTtX8FE4yIhrgYdEcNCXezC-aoQ0m7T_YucrKVFhcHH27CGC55K3pz7TDukwbuuXwYTTp8gA&utm_content=244452646&utm_source=hs_email,1
/2023/02/not-only-about-technique?utm_campaign=Newsletter&utm_medium=email&_hsmi=246516978&_hsenc=p2ANqtz-9mSmBnlzLbC51fPbemL20giUV45KLUuC6_HRAp4spyqvaNaCyGysvh-pwKeJM5o0m3dtn1Q-CD51_c87-0HkW1J1Gelg&utm_content=246516978&utm_source=hs_email,1
/blog?tag=thoughts,1
/2022/01/11/outil-de-calcul-de-revenus-pour-freelance-et-salaries?ht-comment-id=6950878,1
/2022/05/14/impact-de-la-crise-tech-sur-les-salaires/?utm_campaign=Newsletter&utm_medium=email&_hsmi=215292455&_hsenc=p2ANqtz--f1EwIwTnFlDnzGu8mT4oGa-y0LRzx2Va4imkc8yRqBr1XAhXv_lzhqiKdsgz4aNTFHHyxtevktvl-D_DBT8vXYFGUi2NwmO9onmrHRzwo4FSxUNU&utm_content=215,1
/2022/05/14/impact-de-la-crise-tech-sur-les-salaires/?utm_campaign=Newsletter&utm_medium=email&_hsmi=221914202&_hsenc=p2ANqtz-882vcwbmcfIRP1LoZ2Os4_1IyrK2GDwo149EjDmLt_O42q7vEzv1mmct925Cwz9ur9_2F0TBdGTPMp4mNNxCWtbfQ4tS31nCubp48JNlX74jhbzf0&utm_content=221,1
/2022/09/travailler-avec-contraintes?utm_campaign=Newsletter&utm_medium=email&_hsmi=228777319&_hsenc=p2ANqtz-_o_rPzhLvI1CUC79PsMuC_oqSY2PrBlraS1y9rIMwKtpA26wPZEayHi2fSpRGo9PUxxk-GMtMR0MWeEV9sfuqlyIeosQ&utm_content=228777319&utm_source=hs_email,1
/2022/12/on-va-tous-perdre-nos-jobs?fbclid=IwAR0spgX1ZW_oS4d31Ldko3mP-nBsk3gmDDtxJ48K1frYA-A6_8k0uM_Le3k,1
/2023/02/not-only-about-technique?utm_campaign=Newsletter&utm_medium=email&_hsmi=246516978&_hsenc=p2ANqtz-_OU9e73jkUvB7TOOxaiNcJskFxjNYm6Mueu8dF2FH2YeupMMr0RMuSFDDUOaXWgZV2q9F04Z5Iu-qcQ2jG7fBXvE9z0Z54iyyRGTQiNDh2vi03pAw&utm_content=246516978&utm_source=hs,1
/2022/04/30/faut-il-etre-passionne-pour-reussir-dans-le-dev/?ht-comment-id=6354084,1
/2022/05/14/impact-de-la-crise-tech-sur-les-salaires/?utm_campaign=Newsletter&utm_medium=email&_hsmi=215292455&_hsenc=p2ANqtz-9OZokk9-81qLb18Kb7hD_sG0t7fyi-9HdhG_LIgKD0IQyr58SmnHtx8SZfnb-K1s9GvGjp96NhpiYzRGvT1Vz7tuAgow&utm_content=215292455&utm_source=hs_,1
/2022/11/scrum-is-dead?utm_campaign=Newsletter&utm_medium=email&_hsmi=234452356&_hsenc=p2ANqtz-_xLYXvesTpgAC9PPUKePCw2foNG5X4DmqZDv43wmFFMePkrRvRNLnB_SaMUMaa90Aaayxsu9hZmOuQ4BgOfaQlZYwK5Ko_xevr4U8NY-xo91DGicI&utm_content=234452356&utm_source=hs_email,1
/2023/01/questions-startup?utm_campaign=Newsletter&utm_medium=email&_hsmi=244452646&_hsenc=p2ANqtz-82e3ZilQTlHaVsLesRa54JWIDboRyf46VGGm62GO-xYxaeaHBlFKCUV8jfZYCPBgEj1yGVjBRYML1V0leMjdrKmCxdbg&utm_content=244452646&utm_source=hs_email,1
/20ez,1
/2,1
/en/2023/02/www.malt.com,1
/wp-content/uploads/2018/08/a484d-startup2.jpg,1
/2022/01/31/que-fait-un-engineering-manager/?utm_campaign=Newsletter&utm_source=hs_email&utm_medium=email&_hsenc=p2ANqtz-9p66vo5dsIEMrji9aejLxzgVYEiWE2rLJsQqEiQHiVWwumNodN-3Yf8fZ6E0HoqQXluVBi,1
/2022/05/14/impact-de-la-crise-tech-sur-les-salaires/?utm_campaign=Newsletter&utm_medium=email&_hsmi=215292455&_hsenc=p2ANqtz--yEzZr0DLmycxYP_z_eRT6mWOqSTWgR2xvQv92hQ3rU6_GgHOQWTO2hDc88UyStfwp5oxJeDSITeysFDdpnpRdzqA9LJKomxND6mNolQ28pn5g7no&utm_content=215,1
/2022/05/14/impact-de-la-crise-tech-sur-les-salaires/?utm_campaign=Newsletter&utm_medium=email&_hsmi=221914202&_hsenc=p2ANqtz-8yehk6J_dxKF4ZlEEr80NNbfV-2PQfV2QUx5WClJWwQEuKl4PYHUAcojJ_3dFIUnir6uU7l7jeBNps0AU7fmKPZTIY0NhiO97TCeUUbT_xM89IexI&utm_content=221,1
/2023/01/questions-startup?utm_campaign=Newsletter&utm_medium=email&_hsmi=244452646&_hsenc=p2ANqtz-_-qj29BCrFJnDyszKofn6W7nQrMQwz32OGTr5K915FVXi83oPBXnWCInC_sarELyMps7rbDo5mD2IryVyAxoGbvq-nvqULWtv_vZMQLivCAbpibzQ&utm_content=244452646&utm_source=hs_email,1
/2023/02/not-only-about-technique?utm_campaign=Newsletter&utm_medium=email&_hsmi=246516978&_hsenc=p2ANqtz-89WaDkB6Uvaaerez5SA0yVU96Ms3B_wRq-00VfXByNxpStGfYGYt0aC9C48qXH71STTXlyN-ZPQGFrdUhZSRE3VEQTnw&utm_content=246516978&utm_source=hs_email,1
/2018/05/26/we-are-not-done-yet/,1
/2022/05/14/impact-de-la-crise-tech-sur-les-salaires/?utm_campaign=Newsletter&utm_medium=email&_hsmi=215292455&_hsenc=p2ANqtz-_5KyBSeNQIziji_Vk-4ua7KklQ3lFMYnRvbApM2qLYwgkXajMA7k3FPQkZGGTUww6YAmftRmtXJFqtwjB-bWwkIaYE1Q&utm_content=215292455&utm_source=hs_,1
/2022/05/14/impact-de-la-crise-tech-sur-les-salaires/?utm_campaign=Newsletter&utm_medium=email&_hsmi=221914202&_hsenc=p2ANqtz-_naOVMd56c2LX6wUfJ0VBGqpwCQIduDqBqeCSCXof224rHe-DIijgExyA5ybE6rLN5tL7ybndx6E-_twnTAKEkXSB3gA&utm_content=221914202&utm_source=hs_,1
/2022/08/variable-salaries?utm_campaign=Newsletter&utm_medium=email&_hsmi=225501590&_hsenc=p2ANqtz--SN1jkEErAhH61MRfwTs8jYVOdIg_V1TsvD1K23OUj2hDe1yJDgpKoIT6coiragroUkM_OLgr9x72to5BrXtd3nkEFPw&utm_content=225501590&utm_source=hs_email,1
/2019/07/03/mongodb-vers-postgresql?mwg_rnd=4774777,1
/2022/05/14/impact-de-la-crise-tech-sur-les-salaires/?utm_campaign=Newsletter&utm_medium=email&_hsmi=215292455&_hsenc=p2ANqtz-_TyQ43J4dk7XlUJjBTY3JeTr_m7wWASPVhMe70vh69Fa056fPbnS5qgXL6KQeDimxRLmUMngc6aiXt_pUjYsTc2ppdE5Lrc9hu2khN7wfTysm69FU&utm_content=215,1
/2022/05/14/impact-de-la-crise-tech-sur-les-salaires/?utm_campaign=Newsletter&utm_medium=email&_hsmi=221914202&_hsenc=p2ANqtz---wZmp0Uce7h7NYrqXE_9cHx_9qywEWMOXZdRJDUVBc7bOJGk2bJHdy2rUi0vzseNyF3WqRPUhOrM3swS4Ptb2BlXEzQ&utm_content=221914202&utm_source=hs_,1
/2022/08/variable-salaries?utm_campaign=Newsletter&utm_medium=email&_hsmi=225501590&_hsenc=p2ANqtz-9-xXgmTOfJT3W2vFC4Ik8r0RCE1Isxo0lZFMtRzRqKOOvhGJZ-L5MEvDs1Q9YpFx2yYXfCFScPmDIs46XpbFCG_xgKMg&utm_content=225501590&utm_source=hs_email,1
/2022/11/scrum-is-dead?utm_campaign=Newsletter&utm_medium=email&_hsmi=234452356&_hsenc=p2ANqtz-9ayvRzasIN019OimlpeU1FW9MsgD6JcOTcuCBHITw5Zf5wwYjxTQsLvVxtBWFEvwir0d28azN5hO2b7U5zeyow3ROSoQ&utm_content=234452356&utm_source=hs_email,1
/2023/01/questions-startup?utm_source=pocket_saves,1
/images/gridsome-concept.png,1
/2010/10/28/lagilite-est-elle-reserve-aux-projets-java,1
/2013/09/25/interview-dune-societe-collaborative-neovia/,1
/2022/05/14/impact-de-la-crise-tech-sur-les-salaires/?utm_campaign=Newsletter&utm_medium=email&_hsmi=215292455&_hsenc=p2ANqtz-8ZmSjHrCKI6gQXkkEBlRkV3q0tGmXe4ch3--JTIVPwSwbjhmvTPE4SEcBx5QI95W-KSlllC3AYtyUIUNZgmaUlJT8SQw&utm_content=215292455&utm_source=hs_,1
/2023/01/questions-startup?utm_campaign=Newsletter&utm_medium=email&_hsmi=244452646&_hsenc=p2ANqtz-_Zvdz-jlE4UNkxETBrnDtlWDIvUPN8LrPTU2ZT3eL0nj-3NjKt5MNKl-1jqtUdWUYUmXCkKzSFAcbrGdQJsdqDP85E_xu6fD1ODi46nHYIvvnLPXg&utm_content=244452646&utm_source=hs_email,1
/2023/02/not-only-about-technique?utm_content=lBBA7GqX3vh%2Bh54YvtlZiA%3D%3D,1
/blog?tag=vuejs,1
/index.php/zuul/,1
/2012/06/03/gagnez-vous-autant-quun-ingenieur-de-facebook/,1
/2022/05/14/impact-de-la-crise-tech-sur-les-salaires/?utm_campaign=Newsletter&utm_medium=email&_hsmi=215292455&_hsenc=p2ANqtz--H8wwBF1D8u0Cc3-Pwn8XgS0FwBAt3A10GMBXcV5woUHh043xBPHDxe19uwQbIEBIJRs6ljWEz8Nq027QgE9iH-BPsqw&utm_content=215292455&utm_source=hs_,1
/2022/05/14/impact-de-la-crise-tech-sur-les-salaires/?utm_campaign=Newsletter&utm_medium=email&_hsmi=221914202&_hsenc=p2ANqtz-89BflgeHhHVsBnxCjVSqrbheRlRG5B7TaGuqAuzM9nwvPK-nP0B-Zd1_NOzKOdcB8qJMEKWptNogEhDbkUJH3IsNrA_w&utm_content=221914202&utm_source=hs_,1
/2022/09/travailler-avec-contraintes?utm_campaign=Newsletter&utm_medium=email&_hsmi=228777319&_hsenc=p2ANqtz-_tFvmHqTosF0tWYHBp_d5Y0GHlGM1dYa1YTNnPvczN5S9JbtJSJRLk_d7ocD0-SCOTswwUaWq3V6z_oU_brrgoMRB_cQ&utm_content=228777319&utm_source=hs_email,1
/2022/12/on-va-tous-perdre-nos-jobs?fbclid=IwAR3-JSEi3yTy-Ayx9DfZiU3kKIkXeStK9N3Pz-C12Q7MwYbgEITJbhAn4Bc,1
/blog?tag=mongodb,1
/wp-content/uploads/2022/04/image-1.png,1
/2011/04/05/rex-joomla-et-wordpress,1
/2016/05/19/recrutements-et-pensees-diverses-2/,1
/2022/04/30/faut-il-etre-passionne-pour-reussir-dans-le-dev/?utm_content=bufferc1a63&utm_medium=social&utm_source=linkedin.com&utm_campaign=buffer&amp,1
/2022/05/14/impact-de-la-crise-tech-sur-les-salaires/?utm_campaign=Newsletter&utm_medium=email&_hsmi=215292455&_hsenc=p2ANqtz-9SnLFzn80dO8Um0LNNZ1cPtkd4PYuukBAGZlvVe3oSLPp-USZrv7UG9Xydx06o6puzmts8UkqluhvuShc60K_y66evDA&utm_content=215292455&utm_source=hs_,1
/20ez/12,1
/wp-content/uploads/2013/11/85736-logchain.png,1
/2023/01/questions-startup?utm_campaign=Newsletter&utm_medium=email&_hsmi=244452646&_hsenc=p2ANqtz-9a0KCRATMVaGggCOoLYfPlnVRK8mZq0a8tTYYWuQbJEy1-W6TwPMvykAJOI9hGWERz_PvIeM45CXeXsspJfy8z_d2rQlJPNWR_2B_obbhN-c9g-hE&utm_content=244452646&utm_source=hs_email,1
/2022/05/14/impact-de-la-crise-tech-sur-les-salaires/?utm_campaign=Newsletter&utm_medium=email&_hsmi=215292455&_hsenc=p2ANqtz--Ys-iiSlvW96xfS2E4EX8_Mg0xB99kFfQFYgf4DepI9rHhIOdMmTwLY1ipcREnbFZGYiXGE2c_6n22HR7nwOTXqyIQbQ&utm_content=215292455&utm_source=hs_,1
/2022/09/travailler-avec-contraintes?utm_campaign=Newsletter&utm_medium=email&_hsmi=228777319&_hsenc=p2ANqtz-9DLfOnqboIZFLGAQvTOGaM_KIVu-QdAvxiyAkj7y1oKYdHKaji5-bXM0ftzY8m-iV-kR1c8iZ6T5WZjvtAbGLZ6IMaIQ&utm_content=228777319&utm_source=hs_email,1
/2023/01/questions-startup?utm_campaign=Newsletter&utm_medium=email&_hsmi=244452646&_hsenc=p2ANqtz-_5WLA_HO3c_Mg733X89awaF_35EJOQlTIASf61FKtxORf0QIpNkZ1q7rriCNreTYOus35Y6thwsp8KPc93mSvhEG1dZb97NROWx-WkwD266MwbdpY&utm_content=244452646&utm_source=hs_email,1
/2023/02/not-only-about-technique?utm_campaign=Newsletter&utm_medium=email&_hsmi=246516978&_hsenc=p2ANqtz-8BLwNx3_Qz3H80yXi2Q-DA7kBMAE2_ZGsLJ9psJjW9NOMFjwnubW5N_MjhiDT8oXaMUnDo_o8wJWgBthngNliOrMrae0Eu1FFmcmarUzJoCHlIb0Y&utm_content=246516978&utm_source=hs,1
/2014/04/21/devoxx-france-2014,1
/2021/07/06/les-salaires-dans-la-tech/?utm_source=Sourceurs%3F+Non%2C+peut-%C3%AAtre+%21&utm_campaign=b382bb1a48-EMAIL_CAMPAIGN_2020_06_12_09_34_COPY_01&utm_medium=email&utm_term=0_8877fd8c2b-b382bb1a48-461351713,1
/2022/05/14/impact-de-la-crise-tech-sur-les-salaires/?utm_campaign=Newsletter&utm_medium=email&_hsmi=221914202&_hsenc=p2ANqtz-_nUKbXlXGNfHu1fjteD-uZIRw573ErFfiMg4VIMP0rEF9ZdgmEAQDH7SNVOpmUopWf41hC3l5WnUmP0SUdohleaRZwZT46-7Sqn_XFiSWx_C5YcwU&utm_content=221,1
/2022/08/variable-salaries?utm_campaign=Newsletter&utm_medium=email&_hsmi=225501590&_hsenc=p2ANqtz--so07y1yvBWgW4BL4_R48SGA9t0Z3Hro7x1zoCqN8lsIIYrqxx0S9hffvRZW0njU_3sPuIeaTRRh8TqMd1CYkdkchq8g&utm_content=225501590&utm_source=hs_email,1
/2022/05/14/impact-de-la-crise-tech-sur-les-salaires/?utm_campaign=Newsletter&utm_medium=email&_hsmi=215292455&_hsenc=p2ANqtz-_vZIPk74z4WK3F-zCT72MqHtNLFyA3-vX-_WX4tRtLAZqnpjhfnugIvkwEtpSnpvQcE_JcmjE53hF9pRLxTeeMbY06kg&utm_content=215292455&utm_source=hs_,1
/2022/11/scrum-is-dead?utm_campaign=Newsletter&utm_medium=email&_hsmi=234452356&_hsenc=p2ANqtz-9DzgcCAtIjgW8WgzfvJn6Z6uJG-JUo2z1raVkWTCLQ1NMNEb1nS7bSSbkjMHa346HbLbaosVG5Qhpd3J6ItwstMu-4qQ&utm_content=234452356&utm_source=hs_email,1
/index.php,1
/2021/05/03/cto-de-startup-a-scaleup/?utm_medium=email&_hsmi=145052534&_hsenc=p2ANqtz-9LAnzSUo1FU8oHHdjgyqU_oIAuAfm7lcu6aZy4dPMOtWmp13_aNEKSGecvf1YSN26heD5QEJIo1v055R3z9ojh6XxDPQ&utm_content=145052534&utm_source=hs_email,1
/2022/05/14/impact-de-la-crise-tech-sur-les-salaires/?utm_campaign=Newsletter&utm_medium=email&_hsmi=215292455&_hsenc=p2ANqtz-93h1Z3uk-M_jxNC_W_ngJYHv7LQEfBipoCaOGv9akKZ2kdcHraHN-75fCNwrigQO-PvhIW6zm4Zg2Q4FJKg7rOjH34uQ&utm_content=215292455&utm_source=hs_,1
/2022/11/scrum-is-dead?s=09&_sm_pdc=1&_sm_rid=Jv6tvTPHtSPs5N0nNk5PfH28Hj58JvvTDfDtkvF,1
/2023/01/questions-startup?utm_campaign=Newsletter&utm_medium=email&_hsmi=244452646&_hsenc=p2ANqtz--20bKDV2CqiqwjbZylO7YpBepbhwkB5LrLyiSEsmt4fBNNAuxI8qgH9T5E3YTQT4YzEuUaqtk4gTXV87zK9dSiTVsttw&utm_content=244452646&utm_source=hs_email,1
/le-teletravail-chez-malt,1
/2022/05/14/impact-de-la-crise-tech-sur-les-salaires/?utm_campaign=Newsletter&utm_medium=email&_hsmi=215292455&_hsenc=p2ANqtz--i6x77xnca7A9J2b9V8QRJzzLPgbxGmjEGVl7t0NL-hRzKVr689rjyRlaR62DeJWeXfAmq4Q7bMozyiFoa7PxLfSiqaA&utm_content=215292455&utm_source=hs_,1
/2022/05/14/impact-de-la-crise-tech-sur-les-salaires/?utm_campaign=Newsletter&utm_medium=email&_hsmi=221914202&_hsenc=p2ANqtz-8aqRVQzAEkrUN1Asva-iYOSUy11DeTme_wOcU_0QQVypz2DcKb4bJxNITNzCyFmG0Ar5xpFPntrZQ4akAURyt_e1frmw&utm_content=221914202&utm_source=hs_,1
/2022/09/travailler-avec-contraintes?utm_campaign=Newsletter&utm_medium=email&_hsmi=228777319&_hsenc=p2ANqtz-_uTGblNfo5lFTWkh7iSV2RCTkY-fVLbE6u9dTfLc-a440sCNfp0frDic9mHSyV0Srb2sjj__gP2aapVlwSRM5E4PXi2m9_2iAeNw_msxIJ37dpU28&utm_content=228777319&utm_source,1
/2023/02/not-only-about-technique?utm_campaign=Newsletter&utm_medium=email&_hsmi=246516978&_hsenc=p2ANqtz--_CcMGYOmLGtBMTFBbtyvAGubYsVUS-C-hJtgnbQRS1lDyt7T4UIpPPGM4pAXsFddkMZJ8F7KZdQ3umhvxuGKtu67QjQ&utm_content=246516978&utm_source=hs_email,1
/index.php/fabric-moi-un-cluster/,1
/wp-content/uploads/2022/04/image.png,1
/2022/05/14/impact-de-la-crise-tech-sur-les-salaires/?utm_campaign=Newsletter&utm_medium=email&_hsmi=215292455&_hsenc=p2ANqtz-9TylOTT62gY0kFDASt9yaR6gJGwG-QXIgZ6fM0d4gjAu7IzgGlh_ReBJe_QT0RzIKWS2FwGQEvDRsxG37JtvRMCKMq9Q&utm_content=215292455&utm_source=hs_,1
/2022/11/scrum-is-dead?utm_campaign=Newsletter&utm_medium=email&_hsmi=234452356&_hsenc=p2ANqtz-_zyR0yaI6aia1hpzSxF-9BCZ6ebxjCd7481oOvPNHZ68hbrKijlLwM6sG_PM_kGaWwtTzl8k-sUb419V4QRWqqEwbc0g&utm_content=234452356&utm_source=hs_email,1
/2023/01/questions-startup?utm_campaign=Newsletter&utm_medium=email&_hsmi=244452646&_hsenc=p2ANqtz-8cpY5L4NZRrk4REyL0iCGhSElSbP2UaOZWGbpf80Fu9Nubdq2c0x02XvxcyGj_qdeDibTEIs0Q_hR5PnfRytEt8jajHg&utm_content=244452646&utm_source=hs_email,1
/en/2023/02/impactful-software-engineering/,1
/wp-content/uploads/2013/11/90288-resultat1.png,1
/2022/08/variable-salaries?utm_campaign=Newsletter&utm_medium=email&_hsmi=225501590&_hsenc=p2ANqtz--V7mvPCauMsLXHbYP0aRyNyIHZNbyivnukA7WmoOoSFfo2vCE552QYpVOg4xuoT08PFroTuOvhCORU01Id3yk0APDZqbOX2sjectzWfxzBFnK2eHM&utm_content=225501590&utm_source=hs_email,1
/2023/01/questions-startup?utm_campaign=Newsletter&utm_medium=email&_hsmi=244452646&_hsenc=p2ANqtz-9g7kJFLkfrc4W3swFnW-uRUSLxmLQ_oN94pYQFs7nQG3iXryLm9X79CIVWkswmn-71tSf1SfPGi4gwXqQ9JQ2y-3Z8SA&utm_content=244452646&utm_source=hs_email,1
/wp-content/uploads/2019/10/1ace7-tumblr_lw0g09a2hf1qaz5oho1_5001.png,1
/2022/05/14/impact-de-la-crise-tech-sur-les-salaires/?utm_campaign=Newsletter&utm_medium=email&_hsmi=221914202&_hsenc=p2ANqtz-9f34jiWQQgoLGRiPWEsG_kNLF9DPKSBaYqoHP_nGUfk98yXgqef1b3WRn3w-zE1wBxvqjOt-RnMWKhTzNpMUaV-QaQug&utm_content=221914202&utm_source=hs_,1
/2022/09/travailler-avec-contraintes?utm_campaign=Newsletter&utm_medium=email&_hsmi=228777319&_hsenc=p2ANqtz-9ghiqrpqwpXbTBQgyGCi1mnkoXtRvp6cBcCgI-UTK9RcamEqUAuIbiATeuG2kfM3Vjp-NXFoxovXf0txn5Mspo4slQePaUHGcCMRvdjR94ZkX19sw&utm_content=228777319&utm_source,1
/2023/01/questions-startup?utm_campaign=Newsletter&utm_medium=email&_hsmi=244452646&_hsenc=p2ANqtz-_61canO3PjE_KB0YhP5GGUjFkcPZfDvtYi5STGrDScOwnFY-vRq2Onqz6dC6quEblbCTCAG22J5UZTfq7RetmE6u_JOg&utm_content=244452646&utm_source=hs_email,1
/2023/02/not-only-about-technique?utm_campaign=Newsletter&utm_medium=email&_hsmi=246516978&_hsenc=p2ANqtz-8Kmcp7n-MTdqmsPeQb3JV4Dac-HZPTTEHULRKmfWf-SHouwDRxDYNkOCZyD3meHYoRHfjXGU-JZ9kCcTvsnLRmLsSpjA&utm_content=246516978&utm_source=hs_email,1
/2011/10/03/comment-valoriser-une-idee-nemrod-25,1
/2022/05/14/impact-de-la-crise-tech-sur-les-salaires/?utm_campaign=Newsletter&utm_medium=email&_hsmi=215292455&_hsenc=p2ANqtz-_AhoDxPWtsMFtiVrvNBGt7mpYETd5Eky0Dv4M9ggt7CD1RipA4maMNTHBbfOJt2NcYrnVGTLVgFzfe1k-K9HB1FEkuSA&utm_content=215292455&utm_source=hs_,1
/2022/05/14/impact-de-la-crise-tech-sur-les-salaires/?utm_campaign=Newsletter&utm_medium=email&_hsmi=215292455&_hsenc=p2ANqtz-_W-vSECqSGVkCSK2Jdn73OD4myY8Bw77N2Ax2mnt8Efj4V5wsZLdzqTqYSO_BkoJ_woVVbpK_DBv1qsTyQXS75QTRE8w&utm_content=215292455&utm_source=hs_,1
/2022/05/14/impact-de-la-crise-tech-sur-les-salaires/?utm_campaign=Newsletter&utm_medium=email&_hsmi=221914202&_hsenc=p2ANqtz--CM3HtGE6n62VODVH9PJ2P8Xh3uTwgj2URs5dwCzA0UBdQqD1dd8d-2GtO5MGjspkrg6rVxWknE3-l0ETGJ00VGNVMiA&utm_content=221914202&utm_source=hs_,1
/2022/08/variable-salaries?utm_campaign=Newsletter&utm_medium=email&_hsmi=225501590&_hsenc=p2ANqtz-9iQPF10sPKn188wP4iO5r2dgFiXMDXYk4oVHn7falHJPQrnpHuH_rXvD32iAYJHsA0nEMoQ620qLwsXGCViUshCZnVtOZkLM7TP8DwqIm7XcqePL0&utm_content=225501590&utm_source=hs_email,1
/2022/11/scrum-is-dead?utm_campaign=Newsletter&utm_medium=email&_hsmi=234452356&_hsenc=p2ANqtz-9shwixVR5o_H3rkPvZlhppfaOY4wzqg1VsuHiuQAyUxeK30WLwxhj6GVmj1pd3EuISmYZ8vbUMjglYE8aTcbRspyZr7SbTz9KqSZCmse0OQGUoqcA&utm_content=234452356&utm_source=hs_email,1
/index.php/bonnes-pratique-de-codage-en-c-2/,1
/2022/05/14/impact-de-la-crise-tech-sur-les-salaires/?utm_campaign=Newsletter&utm_medium=email&_hsmi=215292455&_hsenc=p2ANqtz-9477c52gCcSEdLhtzX7pAcx0a0l2R5Df-iRlaEiovDCRE2hVynwYZzkl8_OLxNbddUyKwzAqYvhy5Bih_vXhtvIOlwCAWhmeTicQMlAloqd99pZ7Y&utm_content=215,1
/2022/11/scrum-is-dead?utm_campaign=Newsletter&utm_medium=email&_hsmi=234452356&_hsenc=p2ANqtz-_-Qf5KP8zwSUnq5ILHCe_WanP-rQ7_Z2gaSoUxbKKoFvbjRVO56ilQoRQJNS8hi09nh_7nWG4jCz_4aAhArgg6iX6Nqg&utm_content=234452356&utm_source=hs_email,1
/2023/01/questions-startup?utm_campaign=Newsletter&utm_medium=email&_hsmi=244452646&_hsenc=p2ANqtz--A5LdF9ian4o7NR_EKw7I949PeISoEqfDlamIemRmQqMEnMt8jyg1TCuv6eTAhTS9Zm2zxf1GwnxCyXlr-lUSo7kLk7A&utm_content=244452646&utm_source=hs_email,1
/2023/02/not-only-about-technique?via.client.ignoreOtherConfiguration=1&via.client.openSidebar=1&via.external_link_mode=new-tab,1
/page/2/,1
/?fbclid=IwAR08xzuJUxzJsdlrM2knGXMbPvEVNhDiwNm7ndDmCWnmhfrOVxiLJllL7_E,1
/2009/10/27/java-travailller-sur-des-resourcebundle-en-chinois/,1
/2012/12/07/les-societes-cooperatives?ht-comment-id=6930651,1
/2022/05/14/impact-de-la-crise-tech-sur-les-salaires/?utm_campaign=Newsletter&utm_medium=email&_hsmi=215292455&_hsenc=p2ANqtz--JjsILn5BqCs9G4rypUldKtcZCHXsLJJH3gtZOhmwWbr6drog1hZdhFjycUzNqH6z02FVTZV2Pk_ZvnFwbojcUUCVg8A&utm_content=215292455&utm_source=hs_,1
/2022/05/14/impact-de-la-crise-tech-sur-les-salaires/?utm_campaign=Newsletter&utm_medium=email&_hsmi=221914202&_hsenc=p2ANqtz-8dVp98x5SPznaPaGrnzQxgB1Kb-JyiVOfJG9iDZIdHPRKRN92HXooES1w1cnOoOIpXnidQvheFKM7whDIehiCl-5q1bQ&utm_content=221914202&utm_source=hs_,1
/2022/09/travailler-avec-contraintes?utm_campaign=Newsletter&utm_medium=email&_hsmi=228777319&_hsenc=p2ANqtz-_voHqjA50wQejObETW_TSEqyUFgXwEIKdr6_eFap4dQqRY7yBbDHOmMTd0cZOsqP0hcEE2pydWZu3GQRbegL2auJf71Rml01_N0lBA3um57UvBm_4&utm_content=228777319&utm_source,1
/2023/01/faut-il-reecrire-de-zero?s=03,1
/2023/02/not-only-about-technique?utm_campaign=Newsletter&utm_medium=email&_hsmi=246516978&_hsenc=p2ANqtz--cBzvjdlGep_X9zCRUvVNt-qv8i5EevHksOAYfyOsu6VjtjUksj8VIwtBpTrBttfwdfxuyCahnv-fVLye3kxGbS_uxXQ&utm_content=246516978&utm_source=hs_email,1
/blog?tag=perforce,1
/index.php/fabric-vagrant/,1
/wp-content/uploads/2022/04/pasted-image-0-5.png,1
/2022/05/14/impact-de-la-crise-tech-sur-les-salaires/?utm_campaign=Newsletter&utm_medium=email&_hsmi=215292455&_hsenc=p2ANqtz-9UVyOrZ5-OIxCzkDArw-lAPFBJPH9UdF8FZS13bI4HH9vRj1YI2mV12A26UC_j-9G2hb6iFSMxVSt46wygtoFKcQGHag&utm_content=215292455&utm_source=hs_,1
/2022/08/variable-salaries?utm_campaign=Newsletter&utm_medium=email&_hsmi=225501590&_hsenc=p2ANqtz-_mahePXeQ2hAbc-TCSZf_0eKanNs68ruBQzw4z78_kMpMa6glkYCCF6VHxqn8Owu5fa0O5eIHukElCzaKpiA9K0-8zvw&utm_content=225501590&utm_source=hs_email,1
/2022/11/scrum-is-dead?utm_campaign=Newsletter&utm_medium=email&_hsmi=234452356&_hsenc=p2ANqtz--367QQEWPASUTczqUzg4SwuP16OzWQu1-jtoKFXx9ueZg8RQJG4WpjgtVMwf7STfnTdCWn1l0jUzy2r-ecMB3Mj4efRa2SbVFpdXz-ChlwlICZqQg&utm_content=234452356&utm_source=hs_email,1
/2023/01/questions-startup?utm_campaign=Newsletter&utm_medium=email&_hsmi=244452646&_hsenc=p2ANqtz-8joOkZ8JZIwjQcbisxk4U11OFfrWn14PPf-eDewVdjNNjlOJQp-fwpU9nYuJ7L7xzYX2iBSPu9sD9A_kuQnR9moMVoG17W7lSqkyCL_OVHBcyoWz4&utm_content=244452646&utm_source=hs_email,1
/wp-content/uploads/2015/04/3f257-duplication.jpg,1
/2022/08/variable-salaries?utm_campaign=Newsletter&utm_medium=email&_hsmi=225501590&_hsenc=p2ANqtz--Y4C2lVvq5E7AssIzsaREAQtV1nWxjHQ-HbE69ky3z27xmPYsVPatGsZPvwT5PN_42XUt4Li2jaOha_tXEeAP5vrL11g&utm_content=225501590&utm_source=hs_email,1
/2023/01/questions-startup?utm_campaign=Newsletter&utm_medium=email&_hsmi=244452646&_hsenc=p2ANqtz-9IP-5DUgOqyDLMnoRI3kqwXwTOlg99QXHaekqe5Xd23LjA7915nE2A6tIqjF3oMo_MyiAoNiAFd245zk2JQ3XEWNH-OQ&utm_content=244452646&utm_source=hs_email,1
/blog?tag=bashing,1
/feed/,1
/wp-content/uploads/2020/04/image-2.png,1
/2010/05/25/linformaticien-un-artisan-ou-pas,1
/2022/01/31/que-fait-un-engineering-manager/?utm_source=pocket_saves,1
/2022/05/14/impact-de-la-crise-tech-sur-les-salaires/?utm_campaign=Newsletter&utm_medium=email&_hsmi=215292455&_hsenc=p2ANqtz-8bTzgZ9R60MwAF1sRr96PcDIwFdcw4V-6IRUThSazx77-jIO5-8qGP6KEFvKvauTLJG7wXSpPWg4vMex2loG7QORUQ1g&utm_content=215292455&utm_source=hs_,1
/2022/05/14/impact-de-la-crise-tech-sur-les-salaires/?utm_campaign=Newsletter&utm_medium=email&_hsmi=221914202&_hsenc=p2ANqtz-9LpV6ID0I4kQJtSeSsqIovfWDbgGIDX4QWiPrRlhrJQgg1a3Z7RuQkk4Eaip8WIEzA7bLJctspg2qkDR-HGrtMCsQ4OQ&utm_content=221914202&utm_source=hs_,1
/2023/01/questions-startup?utm_campaign=Newsletter&utm_medium=email&_hsmi=244452646&_hsenc=p2ANqtz-_8CsvdXSw1JL4DSE6HGAbDrgqqhLXwETml2T8JBgh0JPZ_mMmkk842gVcFjDSy4anVN4dbx4cDxrQlZVrgA-JwKCNOjw&utm_content=244452646&utm_source=hs_email,1
/2023/02/not-only-about-technique?utm_campaign=Newsletter&utm_medium=email&_hsmi=246516978&_hsenc=p2ANqtz-8lc_oWbFmNvCybtKOasTI31KCoRdHMfY8Flz0uFcoI_Nje4lHvuskw_TiiPS7jYwrR-aGNAAvVGLhocF4lHG5L8VZUIA&utm_content=246516978&utm_source=hs_email,1
/2022/05/14/impact-de-la-crise-tech-sur-les-salaires/?utm_campaign=Newsletter&utm_medium=email&_hsmi=215292455&_hsenc=p2ANqtz-_FO__0tcWHU30OrDWJMXbfE6dnBWNXFLNMXPWVjPQh27aHTl2IrH_8GAGSXALdaOJl8iU3dgosyM-GgpheF-mXg3c3Kg&utm_content=215292455&utm_source=hs_,1
/2021/10/07/faut-il-mesurer-la-performance-dune-equipe-engineering/?utm_source=pocket_saves,1
/2022/05/14/impact-de-la-crise-tech-sur-les-salaires/?utm_campaign=Newsletter&utm_medium=email&_hsmi=215292455&_hsenc=p2ANqtz-_wJ3-fhv_c5bSx-M5zRz9bL3TknLgAeLcBoktEkgWyn5n9Y2C2xXOG8gtMPGSqj8upsWN4v5n2vGqAfZ38iKR3ciVmGw&utm_content=215292455&utm_source=hs_,1
/2022/05/14/impact-de-la-crise-tech-sur-les-salaires/?utm_campaign=Newsletter&utm_medium=email&_hsmi=221914202&_hsenc=p2ANqtz--dJwFNv5vi6I8-yiAWDrGTMCcbVZGpQm1rx2X_JYx-5Z2OzZbEbXBQkT66iC_rBwPkOQumzvr_oVfBdNpoXQ7iKWR1pRVXxjgIqYFLhM1q6W7tjaQ&utm_content=221,1
/2022/08/variable-salaries?utm_campaign=Newsletter&utm_medium=email&_hsmi=225501590&_hsenc=p2ANqtz-9iSO_oBPSJ6FAtWOkkmS4fyFt-LmQZukboADW14O3HZGduQqWzNB2WdBh5xKvsBraFsgvllAQXQ8uU2AItvHxOriQ7Sw&utm_content=225501590&utm_source=hs_email,1
/2022/11/scrum-is-dead?utm_campaign=Newsletter&utm_medium=email&_hsmi=234452356&_hsenc=p2ANqtz-9T2GZksl6zyJUadNoUCiJcL9i2kHUrDGbGvBBi8KEPu04p8fUvKMhXnq2UbUpaQ9WqnI9y9DXzuZfZxyYhOfvgIj7wpw&utm_content=234452356&utm_source=hs_email,1
/index.php/calcul-de-la-velocite/,1
/2022/05/14/impact-de-la-crise-tech-sur-les-salaires/?utm_campaign=Newsletter&utm_medium=email&_hsmi=215292455&_hsenc=p2ANqtz-94SQ5segmc2sFn9aDU_DBQArZFo6gFTcWwrbr3N1wYeUAXsDjzZTRDjHOvLk1jjBDiLWXW9VfXC_5qKN1iuPUD34Vr8TzTPCTKvp9T_uyo61VjsKU&utm_content=215,1
/2022/11/scrum-is-dead?utm_campaign=Newsletter&utm_medium=email&_hsmi=234452356&_hsenc=p2ANqtz-_8_eV7pov7vc9RhsHQHprTgacnUw9AuE6xJxAnpSHosggEvjTVjkIPAXZlNlXTpC0kdzRQgSiB2kUu0jW4YVJaIetopA&utm_content=234452356&utm_source=hs_email,1
/2023/01/questions-startup?utm_campaign=Newsletter&utm_medium=email&_hsmi=244452646&_hsenc=p2ANqtz--AVoDWlF8VdSHDnJtZ_eXG5NgTMtnH0Z5BQtuTCukH4dgPjrCtBO7Llnn5xR5iXMi7wbX3l3iy__YnSy7D4Xi4VOGLfItmkX8MHH_kXgO6oFU5vAc&utm_content=244452646&utm_source=hs_email,1
/blog/?search=Crise,1
/?fbclid=IwAR0jrijNREmcw_9-_1pB19RmSdQXep4MQRR9SZZSCPzFeudNyp8DWLwXR-E,1
/2009/10/28/creer-des-fichiers-excel-avec-des-caracteres-chinois-en-java,1
/2014/10/07/le-10eme-homme/amp/,1
/2022/01/11/outil-de-calcul-de-revenus-pour-freelance-et-salaries/%C2%A0%C2%A0?_sm_nck=1,1
/2022/05/14/impact-de-la-crise-tech-sur-les-salaires/?utm_campaign=Newsletter&utm_medium=email&_hsmi=221914202&_hsenc=p2ANqtz-8in3MrTMuFHnfm3R-l8Gtc24g9tfdY4Tj2wW5s1v96gKoDcvDT9lmnl33V3MXHJU8nZ37C-oLSoJ4KMGuZvgNjRwWQlQ&utm_content=221914202&utm_source=hs_,1
/2022/09/travailler-avec-contraintes?utm_campaign=Newsletter&utm_medium=email&_hsmi=228777319&_hsenc=p2ANqtz-_xTGVrOQdhVfqZUz3VPPxirsaXypOdUlgxMZPA-w4pCmrM27auELC7-bqrFNVgtPL9ewlmso9qfG61zm6mV8ACXheaYTA2GMMz3wKNrTvX7QqN1JQ&utm_content=228777319&utm_source,1
/2023/01/faut-il-reecrire-de-zero?utm_source=pocket_saves,1
/blog?tag=performance,1
/index.php/feature-branching-vs-feature-flipping/,1
/2022/05/14/impact-de-la-crise-tech-sur-les-salaires/?utm_campaign=Newsletter&utm_medium=email&_hsmi=215292455&_hsenc=p2ANqtz-9XBKrqZeB-SGJre7fEtV8WHt_FGBh3ZTzfXeuybv0qiHkD4pKXsmdk2dPSeWHbylErBoyeQNg119Kv3bJNGg5qU8dOuQ&utm_content=215292455&utm_source=hs_,1
/2022/08/variable-salaries?utm_campaign=Newsletter&utm_medium=email&_hsmi=225501590&_hsenc=p2ANqtz-_SqA65ePJC7yfSsznhKtY8zK5B9P15rn6qYsSIql4pzkk_BGYoIFVDGFAi9iiu1BoPBIXA70PPINvFhuq3dOGzFps7TA&utm_content=225501590&utm_source=hs_email,1
/2022/11/scrum-is-dead?utm_campaign=Newsletter&utm_medium=email&_hsmi=234452356&_hsenc=p2ANqtz--AnL-kuOygl0OBgFn4qQ7sTq1DSb0CZItfSfbT5z1oCvgEzm1a0OV3ifp3zU1vqpkcdz5vbMq9_sj6pbhaG6tsh_8j5w&utm_content=234452356&utm_source=hs_email,1
/wp-content/uploads/2015/04/716c0-zuulterrordog1.png,1
/2022/05/14/impact-de-la-crise-tech-sur-les-salaires/?utm_campaign=Newsletter&utm_medium=email&_hsmi=215292455&_hsenc=p2ANqtz-_gmZ6bqLazeHT3ENJQk08fWdqgfOE99TGAzd9T3hYe7asWMJZeZtjEPpTsxUbKCHRQF6HgmSEI_uFjySR-23ehw7YXBA&utm_content=215292455&utm_source=hs_,1
/2022/05/14/impact-de-la-crise-tech-sur-les-salaires/?utm_campaign=Newsletter&utm_medium=email&_hsmi=221914202&_hsenc=p2ANqtz-_V6haACez-8EsQu5X9_L6Io4ovh5mXFzyqWSyNaEAa2Quw9nVkElPzK9Ufh0RcM9Tmrrf1eemh6KR2U7pdS_GSABL0lA&utm_content=221914202&utm_source=hs_,1
/2022/08/variable-salaries?utm_campaign=Newsletter&utm_medium=email&_hsmi=225501590&_hsenc=p2ANqtz-8-P1LL1Bh3Vqv6VQs5Qdsa4lmE_nl7g3RJlbLdKlf4I4NLB2hFN8r3ubNMRql-O0zpd8hkjm97LD-XKVSobqkmumIs-sZfgoZEk4s7e3E0IRuYlmk&utm_content=225501590&utm_source=hs_email,1
/2023/01/questions-startup?utm_campaign=Newsletter&utm_medium=email&_hsmi=244452646&_hsenc=p2ANqtz-9KzPQr1Rajxgsh1u3N9c5h6XcfZg0pbr9mVYVVmnyb83t49GbzKzvO9GcAHqfqBHBrpOlBlug2RPC1cFYvtlmwX2FhZodwnKkCXGdlymiC46yc-x8&utm_content=244452646&utm_source=hs_email,1
/blog?tag=book,1
/2022/05/14/impact-de-la-crise-tech-sur-les-salaires/?utm_campaign=Newsletter&utm_medium=email&_hsmi=215292455&_hsenc=p2ANqtz-8C5NuR72idCYrVOQOcVhsHyPncX-HFpEfDcDCLP2WK2L_hsTiDKNIVfPJ_6zvfO-rT2K736AetQOeAqQvSIzNFg3qKHQ&utm_content=215292455&utm_source=hs_,1
/2022/05/14/impact-de-la-crise-tech-sur-les-salaires/?utm_campaign=Newsletter&utm_medium=email&_hsmi=221914202&_hsenc=p2ANqtz-9LsKiVEROetqSvfV5HAMn4PiGsWnwmDNbBL8emma6qtuDHD1VcsUU4wPuLOjyy1gvwcqAwXRtzJkrrPPzELgzYsFXiz2-4Y_fv7e8kuMHgf1KfL-4&utm_content=221,1
/2022/09/travailler-avec-contraintes?utm_campaign=Newsletter&utm_medium=email&_hsmi=228777319&utm_content=228777319&utm_source=hs_email,1
/2023/01/questions-startup?utm_campaign=Newsletter&utm_medium=email&_hsmi=244452646&_hsenc=p2ANqtz-_br6K12-HLFZ0NkXHzJLI4vlDzvHtbAwnohMeqnmrblgRjwcGB5Jkr8V_58TGPXlcjIduroNXD8DmxdJITfNBlkDSoqg&utm_content=244452646&utm_source=hs_email,1
/2023/02/not-only-about-technique?utm_campaign=Newsletter&utm_medium=email&_hsmi=246516978&_hsenc=p2ANqtz-8ty4LMN9IhwBzFm-T2uzMoPCKs0egKM5p5XZ_3Mb7XFBBHC3ZGDlPNM9yVIsxdl7WrOhOlj50hjc_hrWQo9puqC-RwLg&utm_content=246516978&utm_source=hs_email,1
/2019/12/19/quest-ce-quun-ecosysteme-tech/?_x_tr_sl=fr&_x_tr_tl=en&_x_tr_hl=en&_x_tr_pto=sc,1
/2022/05/14/impact-de-la-crise-tech-sur-les-salaires/?utm_campaign=Newsletter&utm_medium=email&_hsmi=215292455&_hsenc=p2ANqtz-_X8J9w43YNABZy7UO3lgNi06BSrXXoArxzN6BUUE-acusL_uvRu0A6OFpgiANfD-LEuqLDV86e2hUSaQ2BkLsguzkbaztV8_Tu8WO9-p7GI8SYos8&utm_content=215,1
/2022/05/14/impact-de-la-crise-tech-sur-les-salaires/?utm_campaign=Newsletter&utm_medium=email&_hsmi=221914202&_hsenc=p2ANqtz--DKCcg0Dm8Ch0z19yBc-lB7pCFPjgXNIk0FUVL8msSx02CLqtcZtB730aj8DXu6aOJrxNEbNs-IXL-TvRgG2wFfvtUrA&utm_content=221914202&utm_source=hs_,1
/2022/11/scrum-is-dead?utm_campaign=Newsletter&utm_medium=email&_hsmi=234452356&_hsenc=p2ANqtz-9zlKLJaTfBmlNAoAEWksSSDj0G4bsptj6tC5IUD0PRBoz65EI5N4G4dAZp2Y5jhX-y4q0HsMnrdZHLGqfcy_bJ-F34FdkdlW-dT0j_pPe6tYVFPlo&utm_content=234452356&utm_source=hs_email,1
/2023/02/measuring-everything?utm_source=pocket_saves,1
/index.php/calculer-ses-revenus-entre-eurl-sasu-et-salariat,1
/wp-content/uploads/2021/10/pasted-image-0-2.png,1
/2021/06/14/pourquoi-le-sujet-nest-plus-dadopter-lagilite-mais-de-changer-de-culture-produit?fbclid=IwAR1M_pMHcsIJ6g5gpg_CCCcRWNKt45HrIczG6QKPF7F9UfDOas9TKR1dSDM,1
/2022/05/14/impact-de-la-crise-tech-sur-les-salaires/?utm_campaign=Newsletter&utm_medium=email&_hsmi=215292455&_hsenc=p2ANqtz-95i5sk-q5Af_Yzy2BpCXYXlW_x2zZXs7f_xRyTfruBxN80KvGDRSMLXcnmkyKbfpb5cIEnZapE8JMRZ9mGWE_4xP1LAQ&utm_content=215292455&utm_source=hs_,1
/2022/05/19/malt-engineering-under-the-hood-gridsome?fbclid=IwAR3COPgWb2BvHweXFM2-2KpGB_4JH0MB2nkyaeKasLi1nJaUQ0awbnGUzJY,1
/2023/01/questions-startup?utm_campaign=Newsletter&utm_medium=email&_hsmi=244452646&_hsenc=p2ANqtz--eb6WUzPj21tQgtJ62ylCbKHfqsPQJn_z4xgdM60RQyFnJ39HiORpcEHeBSoqBCnjyJJZU8pPYY-pVkedEKyOT5U4pcw&utm_content=244452646&utm_source=hs_email,1
/?fbclid=IwAR0X4Hqs7njlMkvaBZyWqVE_1iihzehnGrygL9sGA1RFnrjGnQfmz86o4a4,1
/2012/10/06/lateral-thoughts-sinstalle-a-lyon,1
/2022/05/14/impact-de-la-crise-tech-sur-les-salaires/?utm_campaign=Newsletter&utm_medium=email&_hsmi=215292455&_hsenc=p2ANqtz--MS9qr9KRWThTNAb9cnCMp5ezEuQbFQNBpubbgqF-Aa4QDLgRExgL-eIKJliEOz0nqD2aanB55AiNh9fcFdmzRwOrahRb_AFNZCcAq_IXnwvJNN_s&utm_content=215,1
/2022/05/14/impact-de-la-crise-tech-sur-les-salaires/?utm_campaign=Newsletter&utm_medium=email&_hsmi=221914202&_hsenc=p2ANqtz-8KJTI6y0vLVvflKbEXiEwBZLLiqniCUGJ-od7fclXVEpqw4dwU9taSr-j9gr7zxbHBHxA9KzW_Zkj8Kd2v5Nb1hVK3JW8WNgvdsH8ONP25IAttysE&utm_content=221,1
/2023/02/not-only-about-technique?utm_campaign=Newsletter&utm_medium=email&_hsmi=246516978&_hsenc=p2ANqtz--dHhfE4KxSZPQJwheTQKMbeATAHc9j10NXWXW-7bDXteJCSjfAVcf4TJ_ybyhuov_jT7ox-xLRrgjRDRojWsNiSJheBA&utm_content=246516978&utm_source=hs_email,1
/blog?tag=postgresql,1
/2022/05/14/impact-de-la-crise-tech-sur-les-salaires?ht-comment-id=6366174,1
/2022/05/14/impact-de-la-crise-tech-sur-les-salaires/?utm_campaign=Newsletter&utm_medium=email&_hsmi=215292455&_hsenc=p2ANqtz-9xJsG--ATFcNQyzPEJpwJVT7BqQuFuyAxV-a-VYk3mKXjjefL4v2_syuKBckjbRyQoqJqjBD8WbdkW_bKXsLkI3Sy1hg&utm_content=215292455&utm_source=hs_,1
/2022/11/scrum-is-dead?utm_campaign=Newsletter&utm_medium=email&_hsmi=234452356&_hsenc=p2ANqtz--B1KGYIASLuEVjEPYlf3l6-O53LWFaKr87vhwJBAjIQACj-_DwKYyzGSb6i5urOVaZhyDHcvFuPf6V-89rzAgnr3n4jg&utm_content=234452356&utm_source=hs_email,1
/2023/01/questions-startup?utm_campaign=Newsletter&utm_medium=email&_hsmi=244452646&_hsenc=p2ANqtz-8koLsZyfqwfn6ZEMHR-Hp-GAebSJ4LW6lqBOYutT7Ark0oTPBIP3kYuMGoRcSh1tsHCtwyo9KVSBr6oseTYmXE6Fd39Q&utm_content=244452646&utm_source=hs_email,1
/atom.xml,1
/wp-content/uploads/2015/05/ae328-eureka1.jpg,1
/2022/05/14/impact-de-la-crise-tech-sur-les-salaires/?utm_campaign=Newsletter&utm_medium=email&_hsmi=215292455&_hsenc=p2ANqtz-_GVDITn2zP8w87pkkYIQ_IOQ0Q59KDYz4JRguGY_K_5RkTvi2cP2ypVZXxqDArYhV-uU54Mh3qHdAO0XJv1U4DWeHmEQ&utm_content=215292455&utm_source=hs_,1
/2022/05/14/impact-de-la-crise-tech-sur-les-salaires/?utm_campaign=Newsletter&utm_medium=email&_hsmi=221914202&_hsenc=p2ANqtz-_XCetd_V-LF-4CnIVE3klsssoZ4n7UistTL0HkdAJHCiKqBv9ReoWzXMVr43-DqPlmP2TkCcnTVvS0oFKNZeqLdLqELQ&utm_content=221914202&utm_source=hs_,1
/2022/08/variable-salaries?utm_campaign=Newsletter&utm_medium=email&_hsmi=225501590&_hsenc=p2ANqtz-85tWDWueIiOb6c_-qr7wkJynLFIfBZp0tN-Y6j3j90faYL8_Nw-J6CM8gCPlVNud5yU5OhM8AaQducTE_2DWafU8nkHMHTVqbICvPUxbtCFrO0yqA&utm_content=225501590&utm_source=hs_email,1
/fr/2023/02/staffeng.com,1
/2022/05/14/impact-de-la-crise-tech-sur-les-salaires/?utm_campaign=Newsletter&utm_medium=email&_hsmi=215292455&_hsenc=p2ANqtz-8gKs7Uk_3489DzDgQI8nqW13qzwoT92hhcWs9YZpdP_Fjnsnli9Y6QD5omJnJRh5RrNslicy2nT8K0Pm3rN5ZDDsaHOg&utm_content=215292455&utm_source=hs_,1
/2022/05/14/impact-de-la-crise-tech-sur-les-salaires/?utm_campaign=Newsletter&utm_medium=email&_hsmi=221914202&_hsenc=p2ANqtz-9QOMqhVwGkb5BbQGDlWGyBATwm631K3QBNdySy3SwmEyYYuNpyVlHBGP8ZLbug9B6-sDTklY9lR_9hCy0s7rJNAPnORMDFinpUSLXgOAZSI7lBrG4&utm_content=221,1
/2022/09/travailler-avec-contraintes?utm_campaign=Newsletter&utm_source=hs_email&utm_medium=email&_hsenc=p2ANqtz-8CLCiofzWgiXueYBPC_eKtEhO8mmp3fdXl2M9EiiS2-2MpNSIVYASVOq4emjDEDlipAs_v,1
/2023/01/questions-startup?utm_campaign=Newsletter&utm_medium=email&_hsmi=244452646&_hsenc=p2ANqtz-_d0JtJait29q456a9N1--W27Y-M-7lqx-U61B0c8_p23gcriVXQBvk3P9tvWhnv8552nEWyP6Tby_IgXcVPGTtSgXvDQ&utm_content=244452646&utm_source=hs_email,1
/2019/12/19/quest-ce-quun-ecosysteme-tech/?adlt=strict&toWww=1&redig=0FF023F79CFD4E9A897A9A17B2258398,1
/2022/05/14/impact-de-la-crise-tech-sur-les-salaires/?utm_campaign=Newsletter&utm_medium=email&_hsmi=221914202&_hsenc=p2ANqtz--Pi8GCPLM_ZkOo3oLR0lALmwhGrjsm67NHJ4l8nR43tFsE1kEXPyVUP7mC8uxlWodcRn0slhppjexr1H3R6aNuLl9sAQ&utm_content=221914202&utm_source=hs_,1
/2022/08/variable-salaries?utm_source=pocket_mylist,1
/2022/11/scrum-is-dead?utm_campaign=Newsletter&utm_medium=email&_hsmi=234452356&_hsenc=p2ANqtz-9ZNlIJo5NN2e3swpvJwcgJ7DycfySuJG6IdOjK6y6jM9f2NOXsSLse8rEpVWv6OpQDGfqrwHyWi8_te1AGqCDEW6ai6upbxWe2bLH1-oLoXJguU1Y&utm_content=234452356&utm_source=hs_email,1
/blog?tag=humeur,1
/2011/02/02/java-vs-c-le-mot-cle-using-en-c-2/,1
/2022/05/14/impact-de-la-crise-tech-sur-les-salaires/?utm_campaign=Newsletter&utm_medium=email&_hsmi=215292455&_hsenc=p2ANqtz-96Bxr_TUQlOY7wRTERnZSDxZYpt6YSsS6cCgKVBwca96QFn9qEkqm9BpyOvGovlf9cROlyLt08P7NiB_6UhcGcZ7-GnQ&utm_content=215292455&utm_source=hs_,1
/2022/11/scrum-is-dead?utm_campaign=Newsletter&utm_medium=email&_hsmi=234452356&_hsenc=p2ANqtz-_CA-wv9fUB3W0n7KkHXnRKIa8_CfTR2-Zw_Lyfwipz8Wszb1gF0zEI1L81g9iqwUr3u_5gtPCkxWuakrH8Mts1DbTdsA&utm_content=234452356&utm_source=hs_email,1
/2023/01/questions-startup?utm_campaign=Newsletter&utm_medium=email&_hsmi=244452646&_hsenc=p2ANqtz--HsTr_0T5gQ_iJbcY-QSZL9iBe0qYjc2vSStzbX1CjB-CpxYL-m-VZYAc6WnhnXCQeDjEIoZEKEJsQtP52ZdLMDm3cwhNI2VthEa4JG6btyGaNmRc&utm_content=244452646&utm_source=hs_email,1
/2023/03/amener-ingenieurs-dans-la-salle,1
/blog/rss,1
/shaare/eUDdXQ,1
/?s=,1
/2022/01/31/que-fait-un-engineering-manager?utm_source=pocket_reader,1
/2022/05/14/impact-de-la-crise-tech-sur-les-salaires/?utm_campaign=Newsletter&utm_medium=email&_hsmi=215292455&_hsenc=p2ANqtz--od6T8GJDND_9V6DaPQ-vXzJRgYnI3g5TxMiFcSNiOCLVzKuKHyUtUJF6oJEjP-MeSl142jOhrDgXHFuUSBpGiaUyc0g&utm_content=215292455&utm_source=hs_,1
/2022/05/14/impact-de-la-crise-tech-sur-les-salaires/?utm_campaign=Newsletter&utm_medium=email&_hsmi=221914202&_hsenc=p2ANqtz-8NAqYAwoU0Co-FjdUe7ChERPRNIZSZzVq_v0aG8jFV28LB90BOgj07uN1U3GUBWqetsgcXC4t_T9LrYbqXoCIqfIbsQg&utm_content=221914202&utm_source=hs_,1
/2022/09/travailler-avec-contraintes?utm_campaign=Newsletter&utm_medium=email&_hsmi=228777319&_hsenc=p2ANqtz--Bi4JafIoCg6hngiNtQGlGK89QKEGZ_wdBBnjshBnw9khHMIB4jLq1ZVas4SPuljO67ORTNoGPUwxnYLH_sd2pnCQe8g&utm_content=228777319&utm_source=hs_email,1
/2023/01/null,1
/2023/02/not-only-about-technique?utm_campaign=Newsletter&utm_medium=email&_hsmi=246516978&_hsenc=p2ANqtz--Hpy66TXnP02mNfdFItTEagzsKe61J0TGDPkfyK_Ti15DXrlx0-YQ9rIStX70DW6jL3lZkvNTQCB8L5ngdkaa9feByLajdpT42wptP6SJua2wGcpg&utm_content=246516978&utm_source=hs,1
/2011/05/03/328,1
/2022/05/14/impact-de-la-crise-tech-sur-les-salaires?ht-comment-id=6366216,1
/2022/08/variable-salaries?utm_campaign=Newsletter&utm_medium=email&_hsmi=225501590&_hsenc=p2ANqtz--aB4zDczDZNKNwknp9ki2o_CtcLgIXlGOwekn6G5HZn9yao2MrlwpTeQm52OJT_FWuWQ-vZKXwaJjNzW-I9Ab8OZvzhw&utm_content=225501590&utm_source=hs_email,1
/2022/11/scrum-is-dead?utm_campaign=Newsletter&utm_medium=email&_hsmi=234452356&_hsenc=p2ANqtz--Il1f-Lf7-JNrtBDlAy7lULWUSUkP8q-q8MuUgPgORpk2rq7A15KA_vBcJJSIhQnxptwyPHVs0U3CSqm6w13-HxgNbgQ&utm_content=234452356&utm_source=hs_email,1
/2023/01/questions-startup?utm_campaign=Newsletter&utm_medium=email&_hsmi=244452646&_hsenc=p2ANqtz-8odo3UQIQIxrMIGAYUxFVtgR6me9z2265kwQYkRhn6jB1MvGqvSnvIK4xhMZH0H4pIkxSJ5LXRMOY0kTCfisABHcf8z_DegIPhvPER93xPIbMKjuE&utm_content=244452646&utm_source=hs_email,1
/en/2023/02/measuring-everything?utm_source=pocket_saves,1
/wp-content/uploads/2016/04/02e3f-plat-spaghetti1.jpg,1
/2022/05/14/impact-de-la-crise-tech-sur-les-salaires/?utm_campaign=Newsletter&utm_medium=email&_hsmi=215292455&_hsenc=p2ANqtz-_i79ExW2lG9gk5JDcwmAR2eBmKThsSxAU0khB7fz0PYeuw2JQWggGOXFFI-t9yTgAKn_Yu06MJx7GwBRhGWp_muMMkhw&utm_content=215292455&utm_source=hs_,1
/2021/09/01/differences-entre-vp-engineering-et-cto/?mwg_rnd=3645309,1
/2022/05/14/impact-de-la-crise-tech-sur-les-salaires/?utm_campaign=Newsletter&utm_medium=email&_hsmi=221914202&_hsenc=p2ANqtz-_XV3MX-SoMZvb_TUU0RvXwAU2SeZFxuJdLzrtjqxFLQRIgTzHpojCposl7w11B9rIPVQEPWn-mcAEJf-g-Npc3JWip0Q&utm_content=221914202&utm_source=hs_,1
/2022/08/variable-salaries?utm_campaign=Newsletter&utm_medium=email&_hsmi=225501590&_hsenc=p2ANqtz-8c2xXClHhshzSFPRJqjrc6JdX2Tkk34_cip2e9q0TC8H0HqbHCbDzxREI3cq7ukwIVGclXjNG6hxkm732GkKpxQSZaAjt-IAzhgrY-Q78Mr-4msBc&utm_content=225501590&utm_source=hs_email,1
/2022/11/scrum-is-dead?utm_campaign=Newsletter&utm_medium=email&_hsmi=234452356&_hsenc=p2ANqtz-8gNr4-Md8lFYtPq6q5gPUHkkh0I-SToRCOxeNekkxatGI7eLvX9R37zKaLTvK8JpaHGVFTuaWS6tjL4TlliwL88a4ysdxHLiGGmz8ue7VEAHiJjnA&utm_content=234452356&utm_source=hs_email,1
/2023/01/questions-startup?utm_campaign=Newsletter&utm_medium=email&_hsmi=244452646&_hsenc=p2ANqtz-9u8_GorQ7w4_TJYNIWNMsse8aQ-TeVrQyjwXRwfuztitwvgo1eSq64IJiNwfpcs9LOk0mq5GKZpmwuRcsSdr5_QCvstw&utm_content=244452646&utm_source=hs_email,1
/fr/2023/03/being-in-the-room,1
/wp-content/uploads/2021/06/discovery-delivery-1.png,1
/2010/09/16/retours-dexperiences-agile-et-lean,1
/2022/04/04/cest-lhistoire-dun-side-project/?utm_campaign=Newsletter&utm_medium=email&_hsmi=210796088&_hsenc=p2ANqtz--xQ-yW1pv9elYHIvo2ppuuDRnuISP2SS9jMB1I-omTTHe4fIEj2eMfnPNK_TjN-sachVXrcpIB12gS3UkcF7OCLwsqUg&utm_content=210796088&utm_source=hs_email,1
/2022/05/14/impact-de-la-crise-tech-sur-les-salaires/?utm_campaign=Newsletter&utm_medium=email&_hsmi=215292455&_hsenc=p2ANqtz-8gv6fmtkSLGNcmCChHSEnEZDtRdQ-PzxusCPBMbK06UytruelUfubyGfB9zcxhe7lxppyS5hc3mcJkISdVCQIZYVaU5w&utm_content=215292455&utm_source=hs_,1
/2022/09/travailler-avec-contraintes?utm_source=pocket_mylist,1
/2023/01/questions-startup?utm_campaign=Newsletter&utm_medium=email&_hsmi=244452646&_hsenc=p2ANqtz-_e4gjCm5nz9R3ZgAMwrT0nNAibjCXK21bS8ZNkHcjEqAxw01CxLs3x7J0MkVoLLeaZG3bRnJdvq3A7gimGZWniiDZNbA&utm_content=244452646&utm_source=hs_email,1
/index.php/panorama-nosql/,1
/2012/01/05/devoxx-france-quicky-not-dirty,1
/2021/10/20/se-tenir-a-jour-dans-une-equipe-produit/?utm_medium=email&_hsmi=184763593&_hsenc=p2ANqtz-8-kMkPoJdA9WRq6Q7P9ET1WRn0cstnx56GrBBaoOHJNbjuJ_DbsZN90D_UbHptsL0MgkNNLP-_jyrz2XCnQTxDjkrNWTMy7jEMZ2WxdqfNAZQ92P8&utm_content=184763593&utm_source=hs_emai,1
/2022/05/14/impact-de-la-crise-tech-sur-les-salaires/?utm_campaign=Newsletter&utm_medium=email&_hsmi=215292455&_hsenc=p2ANqtz--8XqbvJTnVRUmrEyYlHdpRBmHHMgcilrMrfxBR12qaLxMIi2UBIYW8e4GWnQsZsy8FZFCZA25e_ciAUaB38XNvvhu6c1C5sjPVawjQ5jytObyY5Tg&utm_content=215,1
/2022/05/14/impact-de-la-crise-tech-sur-les-salaires/?utm_campaign=Newsletter&utm_medium=email&_hsmi=221914202&_hsenc=p2ANqtz--pyyOhuAWKd96XNDApZ5j7E9QYysFee4n8iqxYEyj5Y-0Ry93ZXTIZ8CuzS5DmCWksNfvYxLFva09HLtjvtvRM-pKLzQ&utm_content=221914202&utm_source=hs_,1
/2022/08/variable-salaries/,1
/2011/02/03/java-vs-c-les-parametres-nommes-et-optionnels-en-c-2,1
/2021/06/14/pourquoi-le-sujet-nest-plus-dadopter-lagilite-mais-de-changer-de-culture-produit/?utm_medium=email&_hsmi=136172255&_hsenc=p2ANqtz-_GDcF72NL96T2EijGCzL_oynBulBqoUDrVcK49GosDCdg0sxm6WsRv99XP8x99PD__28kzZyfGoHqswvkGmHJIx5qIUGQnofWiUvjxdkwkN1WJKSI,1
/2022/05/14/impact-de-la-crise-tech-sur-les-salaires/?utm_campaign=Newsletter&utm_medium=email&_hsmi=215292455&_hsenc=p2ANqtz-99mPDIm_53tK-32rhRaOR-uLjyixG2eR0vLnFGHGHtHe0d2AVPoVREbIMokeR4xNoDpXTx2Qm3If7okNipGUsIKbqJ3kBh75jW7nB9siL_G-OuNG8&utm_content=215,1
/2022/05/26/github-copilot?fbclid=IwAR3LbWf9LKU7Ee9k5x4sTOIlOEBxT0rC8UKn6dVRTFhRvCsFQzimVCd1b3Q,1
/2022/11/scrum-is-dead?utm_campaign=Newsletter&utm_medium=email&_hsmi=234452356&_hsenc=p2ANqtz-_myq7RAJEfatTKwTfWC2ExmHDPACumrkkKEHA3SuQEZBGjjIG0iYkVbCINUEYXDPQgvBOLdBtS0IF0qfy1Vr0hk7hpLnHr0VfGtwmKruIFo8rXH8Q&utm_content=234452356&utm_source=hs_email,1
/2023/01/questions-startup?utm_campaign=Newsletter&utm_medium=email&_hsmi=244452646&_hsenc=p2ANqtz--McHh-MhjyQY41W_igDN54yUVO9jYpzpyuUKEieopk73MC8lC3ZGJvu-Ork7MGCY7Zy8DO0IoGrVbElaowkuBKiWAoz1l5w-GPGHYzNkfCoIx39lI&utm_content=244452646&utm_source=hs_email,1
/2023/03/amener-ingenieurs-dans-salle,1
/blog/rssfeed,1
/shaare/uyKMvA,1
/2022/05/14/impact-de-la-crise-tech-sur-les-salaires/?utm_campaign=Newsletter&utm_medium=email&_hsmi=221914202&_hsenc=p2ANqtz-8NIFPtKM_X7UTBpQVfTaHiellh3yNNSGcc2LEOSpuWTGMymLoLRmRVaGD3UI8eKGzbPY41I5xruxGRIe-1g4-jJ8w6TQ&utm_content=221914202&utm_source=hs_,1
/2022/09/travailler-avec-contraintes?utm_campaign=Newsletter&utm_medium=email&_hsmi=228777319&_hsenc=p2ANqtz--ednkSjUOn-4q8uIoDNRJuu6-hQHbUMyBLSXdTuR_dJvbKDDxof5QyAqJ9V88oKSU6U11Ge7HIebLc_2g2Wv7Rm8oZ55jLidQMHa9Xxhcb0vcSXpY&utm_content=228777319&utm_source,1
/2023/02/not-only-about-technique?utm_campaign=Newsletter&utm_medium=email&_hsmi=246516978&_hsenc=p2ANqtz--KkvnkNKCPPJrh-PFAryeJDqAU8ryI41IdYdbOnmOSa7RYIlxgDWhKeE3ZB-jpHPscK48JbymRRgOcCqgKy1PuaEkqWw&utm_content=246516978&utm_source=hs_email,1
/blog?tag=programmation-fonctionnelle,1
/index.php/fr/technique/java/52-substance-swing,1
/wp-content/uploads/2022/05/doc-result.jpg,1
/2021/07/06/les-salaires-dans-la-tech?fbclid=IwAR3irSyxtAa7h2gMxIA7gAzJ1jEEdyeZtz4Lh8pHRsweVbNDlG9q_IPZRRw,1
/2022/05/14/impact-de-la-crise-tech-sur-les-salaires/?utm_campaign=Newsletter&utm_medium=email&_hsmi=221914202&_hsenc=p2ANqtz-_CO9sgw6zqhOh3XmFNWnFg2z8PytrwWs1UeLjLg5kpKXZv9iNPMQUFkHbRwWr3eUpoaNYcfoAuo3uiGpgcNag3vS8mbw&utm_content=221914202&utm_source=hs_,1
/2023/01/questions-startup?utm_campaign=Newsletter&utm_medium=email&_hsmi=244452646&_hsenc=p2ANqtz-8r429nokety4m1nvKgzJUT8NEoHrDUxkSFZ3QB8lAveYuODQix6jpBOV0vJJMML_21rM-tz_wt3w15uZodQaiY5M31NA&utm_content=244452646&utm_source=hs_email,1
/blog?rss,1
/2022/05/14/impact-de-la-crise-tech-sur-les-salaires/?utm_campaign=Newsletter&utm_medium=email&_hsmi=215292455&_hsenc=p2ANqtz-_KKzkZJe0e6Ldj2aTsZUXXyhKzuzfNl8fxm98si-uShk4TduteeQLvxE4Jwq1P-uXrtJ5P-BmjCk147B8u_DmY3nYQkh3kbRTB3N7V4nG9p4VctUk&utm_content=215,1
/2021/09/01/differences-entre-vp-engineering-et-cto/?utm_medium=email&_hsmi=157946384&_hsenc=p2ANqtz-_49Q7ojPjKkbXwgO2IKx1ojtJWAykFHQvsjOCDL3ZWFH0LtibFR_xG1H3CKGD8tQiZg4UAs-ZG_EH3G74sirdBKZTPig&utm_content=157946384&utm_source=hs_email,1
/2022/05/14/impact-de-la-crise-tech-sur-les-salaires/?utm_campaign=Newsletter&utm_medium=email&_hsmi=221914202&_hsenc=p2ANqtz-_XxuAnlSvqkJv2DnRS5ZRj19V9NTElWHOTGJzsgyqG16HYGjzWLX0G6jMUMUHk0gm6tQ9Pkn_328x6oe3dtqh3lQFjgg&utm_content=221914202&utm_source=hs_,1
/2022/11/scrum-is-dead?utm_campaign=Newsletter&utm_medium=email&_hsmi=234452356&_hsenc=p2ANqtz-8gqL32h3eshxa-HkeD2UTx0rKQvD88LawUUdzM1CWQZbZ-AjRxFkEqXOHwMNYIM7gA3MIhtzyqwFV3LnLgKUFZOMv7CPJ9xPw6BZ7_ECMzlt1-RdU&utm_content=234452356&utm_source=hs_email,1
/wp-content/uploads/2021/06/discovery-delivery.png,1
/2010/10/19/reussir-une-transition-agile-pas-si-simple,1
/2015/05/05/microservice-la-decouverte-automatique-de-services/?_sm_pdc=1&_sm_rid=VRtMkk4HqHLVQfSsrjW7DrSTrN8jnPkkj0Z4rMr,1
/2022/05/14/impact-de-la-crise-tech-sur-les-salaires/?utm_campaign=Newsletter&utm_medium=email&_hsmi=215292455&_hsenc=p2ANqtz-8i3-jE9i4hShQt-GtZf4Sh9QNJOoBsNTh4QAERM9Y5zmjLXFntekAM5S5Omg8Sftm3fz92n6SYB6vWt4yqeNbrymfhIA&utm_content=215292455&utm_source=hs_,1
/2023/01/questions-startup?utm_campaign=Newsletter&utm_medium=email&_hsmi=244452646&_hsenc=p2ANqtz-_JyiUx4Z4UyXK1_HcSGmwK2OMW4R7HS0F-2RlXAJZL5PgNbkELZ6gqKCT8VDaafPaDL-KPqXzAUpT3iX0BTHcCEU02LQ&utm_content=244452646&utm_source=hs_email,1
/2023/02/not-only-about-technique?utm_campaign=Newsletter&utm_medium=email&_hsmi=246516978&_hsenc=p2ANqtz-9JHjWsaDhdfMbGTEQIpx4tpYi3fFvfUlBu9X_TDk0nTKyt9VLybdu7yrrL0YbVPVDp4tACu2hrpkIZbG20AznyARvPIg&utm_content=246516978&utm_source=hs_email,1
/index.php/partir-de-paris-1-an-apres/,1
/2021/10/20/se-tenir-a-jour-dans-une-equipe-produit/?utm_source=pocket_saves,1
/2020/03/02/integration-avec-hull-et-considerations-pratiques-sur-lusage-dapis/,1
/2022/05/14/impact-de-la-crise-tech-sur-les-salaires/?utm_campaign=Newsletter&utm_medium=email&_hsmi=215292455&_hsenc=p2ANqtz--bT991XxVpRll0COH6XOLlqxju3JkrHoZh_XQHVbwOdkbvqcPf43-KUiZkpg2gRFTD8JHFmvyaNqqziLjAjgw0mXO6uw&utm_content=215292455&utm_source=hs_,1
/2022/05/14/impact-de-la-crise-tech-sur-les-salaires/?utm_campaign=Newsletter&utm_medium=email&_hsmi=221914202&_hsenc=p2ANqtz--X-M7N0jHRP7oN4dtt6jVCmLFSODlvpSxV4ap0XVghu7w9ScNNpMHA8jxr7AOaj7OoCvWuiwbklLqq8Xmt7SIYOus6xw&utm_content=221914202&utm_source=hs_,1
/index.php/connecteur-mongo-postgresql/,1
/2011/02/03/java-vs-c-les-parametres-nommes-et-optionnels-en-c-2/,1
/2022/04/30/faut-il-etre-passionne-pour-reussir-dans-le-dev?ht-comment-id=6353641,1
/2021/06/14/pourquoi-le-sujet-nest-plus-dadopter-lagilite-mais-de-changer-de-culture-produit/?utm_medium=email&_hsmi=136172255&_hsenc=p2ANqtz-9oUl1V2VrqhcWq28ukS2nYOMC29S4G4tSTtHvtdiGwW6ns0Qm1laDPKTk4LU64LGd3s8BiGxB7iCbcuzwY3vwAn-8-yQ&utm_content=13617225,1
/2022/05/14/impact-de-la-crise-tech-sur-les-salaires/?utm_campaign=Newsletter&utm_medium=email&_hsmi=215292455&_hsenc=p2ANqtz-9DcrAfj4Pg0uGze-DvJeqf5rVJbukGX7k2SuR7fNhU7jtIrNnjdntEjnb31IvSiDsBgw60-8ZYLGegLvLF7--2t6d4GA&utm_content=215292455&utm_source=hs_,1
/2022/11/scrum-is-dead?utm_campaign=Newsletter&utm_medium=email&_hsmi=234452356&_hsenc=p2ANqtz-_TvTi0nMUzckNHMjPVpx3DPmGaf4l2PuWE65qtpBHF_uQiypxgqR3yRDiQLMjmSM69DF2f-fT-KOQiy_uanOfVBwsYfJjeoTQgcVmVvvkeJe2XPCo&utm_content=234452356&utm_source=hs_email,1
/05/19/malt-engineering-under-the-hood-gridsome,1
/2009/12/02/integration-gwt-maven-spring-hibernate-spring-security-smartgwt/,1
/2022/01/31/que-fait-un-engineering-manager/?_hsmi=203632911&_hsenc=p2ANqtz-9tuTP20vsVOct8V25ZRENyLxIVbnUotOw9oKpDv82el8VHZEyiVthKymgbhaaMXnxB9kbYEXVhCqJSK078EclcqsU1T-0inFTHkgCtzU68ZVv8THQ,1
/2020/08/03/leurope-entre-le-marteau-chinois-et-lenclume-us/amp/?__twitter_impression=true,1
/2022/05/14/impact-de-la-crise-tech-sur-les-salaires/?utm_campaign=Newsletter&utm_medium=email&_hsmi=215292455&_hsenc=p2ANqtz--UiJYKO4BIbh9iQAxCIVS52FwiIA4MXVdbRmedVu9JKn9tyoWGCokiFKy1mqPnOtP_cJfjgW-jSfDG-TCtxjekA7ZGmg&utm_content=215292455&utm_source=hs_,1
/2022/05/14/impact-de-la-crise-tech-sur-les-salaires/?utm_campaign=Newsletter&utm_medium=email&_hsmi=221914202&_hsenc=p2ANqtz-8smAtxf10ltIRkZ5ddTTjPTPR_pLurL7eJ4cS7DmWt_D8jp3C3FR4SrFjO5e8i_P_nBU6xv9zuMf6r0r0hRqQ99Qttkg&utm_content=221914202&utm_source=hs_,1
/2022/09/travailler-avec-contraintes?utm_campaign=Newsletter&utm_medium=email&_hsmi=228777319&_hsenc=p2ANqtz--r8t0ppGI_WVYeaa4h-DxCZQQkSzwfyByRKCrTUww662kEOMzZ7nCSwTmJr6zo2LC9km9DbuJDau2OFhSDXGVTtGiwRQ&utm_content=228777319&utm_source=hs_email,1
/2023/01/questions-startup?_hsmi=244452646&_hsenc=p2ANqtz-_rXvcOqlbtD2coDIgEkPh5Ic7zjjzVcarniGF6rLMH6Xv9qlQAFJVKTBGlX0WOswmIn5_Jj1u-w_PfDPMpnf-iFSO4WY4uCFjNiLLIBysq1A1XXz0,1
/2023/02/not-only-about-technique?utm_campaign=Newsletter&utm_medium=email&_hsmi=246516978&_hsenc=p2ANqtz--pSC9iVrekiQ3yqDAFoG5BRT-180RCaP7tt5aD5VgT6_UR9khF73W0xBP8oaftU_0J3b2rlkzwnEn0RkchQ0TpF2T0NT1h21IKgrPNBUD9XwCrgN4&utm_content=246516978&utm_source=hs,1
/2011/06/23/wsn-paris-2011-flex-la-revanche/,1
/2022/05/14/impact-de-la-crise-tech-sur-les-salaires/?utm_campaign=Newsletter&utm_medium=email&_hsmi=2&_hsenc=p2ANqtz--q0eBdSTVgFWLg_2jdHHhQqp2PeEIlGfprKBnI8eRQ0C4VnguA_IsX__8bKhHHmO8k-IYu-Y7sZlC2cZhyVFctAe00fg&utm_content=2&utm_source=hs_email,1
/2022/05/14/impact-de-la-crise-tech-sur-les-salaires/?utm_campaign=Newsletter&utm_medium=email&_hsmi=221914202&_hsenc=p2ANqtz-_Frn6QTJUqMmk4eohc2WXiHHSmUwQfMXab_8T3Xbd5Ojn6OtmKq_185nXg9qZT6lraHotVpmyKtAvakktZjpdvsgLVTw&utm_content=221914202&utm_source=hs_,1
/2022/08/variable-salaries?utm_campaign=Newsletter&utm_medium=email&_hsmi=225501590&_hsenc=p2ANqtz--K6evUTOF6KQHMloBB5QEiG9CjFE9HzOKVeC0JTVsfLxUr_nSKSJLDpIY6hXn1BMXFhmdOntDbBomRTpuRdc9WyS7RBw&utm_content=225501590&utm_source=hs_email,1
/2022/11/scrum-is-dead?utm_campaign=Newsletter&utm_medium=email&_hsmi=234452356&_hsenc=p2ANqtz--rilD6zlaBvA_-KasxkCe6LNAcSrvmkoVXDLCGDt-fDIeW_Z0wJL_K1kkGrLlMpYkTasCT0IGukbNVgxUSmdK-mq1Rxg&utm_content=234452356&utm_source=hs_email,1
/2023/01/questions-startup?utm_campaign=Newsletter&utm_medium=email&_hsmi=244452646&_hsenc=p2ANqtz-8T1C1dyVuBnrZVx9yU0XL_BbZkDD6MLJiyKwh_T3WhyReyttMqphiDUO8meVnDktfVxYotBHNy_FEhKzxl7GMfHMhzww&utm_content=244452646&utm_source=hs_email,1
/blog?rss=atom,1
/2022/05/14/impact-de-la-crise-tech-sur-les-salaires/?utm_campaign=Newsletter&utm_medium=email&_hsmi=215292455&_hsenc=p2ANqtz-_L-UiRx4kmmYgUvx-TFXV04bZSjNVAAr725Eco7gfFTEVEv4DUxVbL95h8e5pyd3B-Lnn5Z7WF1C-ZQkVAHX21GQOGWA&utm_content=215292455&utm_source=hs_,1
/2022/08/variable-salaries?utm_campaign=Newsletter&utm_medium=email&_hsmi=225501590&_hsenc=p2ANqtz-8Lwt9QfMRvszlrY6nI6CpsJnWW7aI5whIbq8G1MgBg3rputWnNTZrfibWEUoarXrBy0JHBtmZrvuaXqHKgPXCcNxlVZzJZ34-SgHmy459SfdCgk-4&utm_content=225501590&utm_source=hs_email,1
/2022/11/scrum-is-dead?utm_campaign=Newsletter&utm_medium=email&_hsmi=234452356&_hsenc=p2ANqtz-8ihXJM1mF2pXtJoYEKUTkWOmSoFAtD0e5uxduwM17zuSMwk7Yexz1oD9tiuKklYkc7VZPWOh1eRcAFBEMUgunEt5nocA&utm_content=234452356&utm_source=hs_email,1
/HeroSection,1
/2015/10/13/siffler-en-teletravaillant,1
/2021/05/03/cto-de-startup-a-scaleup/?utm_medium=email&_hsmi=126746357&_hsenc=p2ANqtz--NUCoD0BsmvYdYdrWd7fy6wi_gzHzNbju0gBEtJ6KiGo_zYtKygQy77xMP403koLf4bfHB8YpaEWwn2Ix4rMVzG14feA&utm_content=126746357&utm_source=hs_email,1
/2022/05/14/impact-de-la-crise-tech-sur-les-salaires/?utm_campaign=Newsletter&utm_medium=email&_hsmi=215292455&_hsenc=p2ANqtz-8Kdn1zybGN9RGDILMbslHum9VIWc7b_jOr4poPkIAOMbdn12tYnWdMhY25TBI7m1PDEQpAZOW2leW2zwYbgs9HH9Lcrw&utm_content=215292455&utm_source=hs_,1
/2022/05/14/impact-de-la-crise-tech-sur-les-salaires/?utm_campaign=Newsletter&utm_medium=email&_hsmi=221914202&_hsenc=p2ANqtz-9XX0OumDT4piPCmktteRRVQ_IQSQsexSKFg-0Qiprxt4swrWzQQdyGMNuAqUNqPxOEQTjhw_X_hCiemPOWad0_PNffBg&utm_content=221914202&utm_source=hs_,1
/2022/11,1
/2023/01/questions-startup?utm_campaign=Newsletter&utm_medium=email&_hsmi=244452646&_hsenc=p2ANqtz-_OWrWhYY4Zv_BoPZF13OlSbGDTw7-0uYwEYPvoTZTA87FM4TjphHKB3SnfsVX6EHQf5RkjkPIw_DRPnZT41jaALQND2w&utm_content=244452646&utm_source=hs_email,1
/2023/02/not-only-about-technique?utm_campaign=Newsletter&utm_medium=email&_hsmi=246516978&_hsenc=p2ANqtz-9Kw14SCPM4GELhpb1VDkybmXNce2luLnVPZF7zktkZS6k_K9Q90p3nbcxcHWOqH5kkvBgtZVefkJih0TeWqM5efnyWyQ&utm_content=246516978&utm_source=hs_email,1
/index.php/recruter-futurs-pairs-autour-dun-verre/,1
/2022/05/14/impact-de-la-crise-tech-sur-les-salaires/?utm_campaign=Newsletter&utm_medium=email&_hsmi=215292455&_hsenc=p2ANqtz--CKaX7WSAhC8Jg_m6I07kPPE9psoXpOypIL1cgf56HQInotQtyW66nRIxbMXKE1jWVyAu320LPGgtuCKx6oOt_4QCnWQ&utm_content=215292455&utm_source=hs_,1
/2022/05/14/impact-de-la-crise-tech-sur-les-salaires/?utm_campaign=Newsletter&utm_medium=email&_hsmi=221914202&_hsenc=p2ANqtz-80P7XpU0ipr16dyqY1sesuOVEYELEZujWs42x4_E3Rj3lC3pBAGdS8wqUoW555s2dMToZO8EKfcD_nJ8naUddihmMSudGY-UrF-NUc7yigGhSRfCc&utm_content=221,1
/2022/09/travailler-avec-contraintes?utm_campaign=Newsletter&utm_medium=email&_hsmi=228777319&_hsenc=p2ANqtz-_Ch8qIja-hycVGJMHAqOegHZpF0gBbHynrON19XYR9OKgpM9_bXQpjXVDT5TlWA1GJjijxLBhjE0M-VuyyzxLlBFMZqA&utm_content=228777319&utm_source=hs_email,1
/2023/02/not-only-about-technique?utm_campaign=Newsletter&utm_medium=email&_hsmi=246516978&_hsenc=p2ANqtz-_hekZ7JWtMmITiwUXBakgYUHlcmDwUQ9hYLYmHLpQA2j8j1ZmEbZZOoeaUM1uE3nq8uEUJCV-ppR9LpCmtSVsThjgneA&utm_content=246516978&utm_source=hs_email,1
/wp-content/uploads/2022/01/Illustration_sans_titre-52.jpg,1
/2011/03/18/java-vs-c-les-property-en-c,1
/2022/04/30/faut-il-etre-passionne-pour-reussir-dans-le-dev?t=He2UFdUate3Sp1OXGpKPrQ&s=09,1
/2022/05/14/impact-de-la-crise-tech-sur-les-salaires/?utm_campaign=Newsletter&utm_medium=email&_hsmi=215292455&_hsenc=p2ANqtz-9HRPIJ-zgBl4nRxuA0-tG7NEcRKaIBWBBiOYL6xpPWMqiSydzPiYKtVY73ROlP7T_4vispWwEcsI7tnQonVDiYZcSBrg&utm_content=215292455&utm_source=hs_,1
/2023/01/questions-startup?utm_campaign=Newsletter&utm_medium=email&_hsmi=244452646&_hsenc=p2ANqtz--ULxs5I9aO5VHdF_ET-mSmhtbNyWXOmDAmu51bMLaevtFqhN0cfYkzFmk27dm3MmAyY6Nv8CWOReokXzB7V7s8Pdf0eQ&utm_content=244452646&utm_source=hs_email,1
/2023/03/amenez-ingenieurs-dans-la-salle?trk=feed-detail_main-feed-card_feed-article-content,1
/tag/cours,1
/2013/04/02/rex-bof-nossii,1
/2015/01/19/tarif-des-developpeurs-freelances/,1
/2022/05/14/impact-de-la-crise-tech-sur-les-salaires/?utm_campaign=Newsletter&utm_medium=email&_hsmi=215292455&_hsenc=p2ANqtz--w1ghmrm4rOq81vaGeY868g32tX3C8q0vDLBJNfnu4NDjNjjCuiLO2cdV8JZEa8PO4mfO4Lv9PgjM4PHXIQ4f-MbigyHTCq_lMtx2YTNABmfgQF-s&utm_content=215,1
/2022/05/14/impact-de-la-crise-tech-sur-les-salaires/?utm_campaign=Newsletter&utm_medium=email&_hsmi=221914202&_hsenc=p2ANqtz-8Syi-fLqJqamZg7i5ezlGdk8Hh3ytxv98yqU-PP3xsIM-UvK_03RmzUQMoWTriKGM14znG_pQKhxGcZVpZ83qKdOvAi_NQWWPgQT0v83wUuVihCgE&utm_content=221,1
/2022/09/travailler-avec-contraintes?utm_campaign=Newsletter&utm_medium=email&_hsmi=228777319&_hsenc=p2ANqtz--zUSihKBjQFN5QFThHM1ZFBkzgsamNzA7nERinOKhKRT5LVZuiROydcduX1BNPF4L4VmtjDRgbxTQXAXfG_t4osXBKPspuzo0ks1bttTZYZxWn0AQ&utm_content=228777319&utm_source,1
/2023/01/questions-startup?trk=feed_main-feed-card_feed-article-content,1
/2021/07/06/les-salaires-dans-la-tech?ht-comment-id=8677620,1
/2022/05/14/impact-de-la-crise-tech-sur-les-salaires/?utm_campaign=Newsletter&utm_medium=email&_hsmi=221914202&_hsenc=p2ANqtz-_G8gdxYy5Ww7B9Zo0aOvth0VewdUyZAzrKpAtfqldK-Kcsi9bM_D62oNZ2l2LoBTzY54zGOkxg83xXIqqBBsDzgFNfPw&utm_content=221914202&utm_source=hs_,1
/2022/11/scrum-is-dead?utm_campaign=Newsletter&utm_medium=email&_hsmi=234452356&_hsenc=p2ANqtz--XlurYRZBBM7jEsjVge8EHRITKF0J3Zk73B3VIGQaIfKkP83anFfuK3hSyeABksR_3wtEOhCj_fMGA0bqG9zxUFrjJMQ&utm_content=234452356&utm_source=hs_email,1
/2023/01/questions-startup?utm_campaign=Newsletter&utm_medium=email&_hsmi=244452646&_hsenc=p2ANqtz-8vRDGmsR3qTr6MWkXyJg9gQ_uqJQDlAh5iadzxxsKQ_m4WUxxk7_2vCcM_5vZCQf7ckOEz0o33WFtc_M65FCOK8JYW86BOKXxLTiPgM0qMJ1gMYoQ&utm_content=244452646&utm_source=hs_email,1
/2022/05/14/impact-de-la-crise-tech-sur-les-salaires/?utm_campaign=Newsletter&utm_medium=email&_hsmi=215292455&_hsenc=p2ANqtz-_NPesSsejAIh21popsQ3nrujaPMHkrAR9EPHXzNzpZQiCgxu-WwZ4uq-PfZxVZqr9mkc55mldL_ANlh0Zx31VdMPW9pQ&utm_content=215292455&utm_source=hs_,1
/2022/08/variable-salaries?utm_campaign=Newsletter&utm_medium=email&_hsmi=225501590&_hsenc=p2ANqtz-8qtV4SeSKdlQvRgLTJhD-Iz83l6DEb8wPa_IcbCuFCSrwPCnbhVEY0KjoYrP_S967UWsJH3HNS99xwthjetXUDhk4HPQ&utm_content=225501590&utm_source=hs_email,1
/2022/11/scrum-is-dead?utm_campaign=Newsletter&utm_medium=email&_hsmi=234452356&_hsenc=p2ANqtz-8NS6zyrOnISZp-PnHx715xGgr2u5GaAn3GU1UZK8aIVshmiR2TzdeYa-7brHxtwceHj9I9IWufv54QolcmelMTlFaBDg&utm_content=234452356&utm_source=hs_email,1
/2023/01/questions-startup?utm_content=7Ka8g4Ye0A%2Bh98pgwA%2B2Ow%3D%3D,1
/https:/www.youtube.com/watch?v=X5MYKj1C2qM,1
/wp-content/uploads/2021/07/biggestValuations.png,1
/2013/09/11/interview-dune-societe-collaborative-ninjasquad,1
/2015/11/04/lentreprise-liberee-pas-faite-pour-les-freelances,1
/2021/05/03/cto-de-startup-a-scaleup/?utm_medium=email&_hsmi=126746357&_hsenc=p2ANqtz-8FqYs-RYi23RESsiwG-Z9ukSauJIpmAHNE8rYHr-Z77mWvi95zIDbN_daiWFFA-xpTvlnTkSYW-m4Ut6B4SzRcq5MPew&utm_content=126746357&utm_source=hs_email,1
/2022/05/14/impact-de-la-crise-tech-sur-les-salaires/?utm_campaign=Newsletter&utm_medium=email&_hsmi=215292455&_hsenc=p2ANqtz-8qCPee05Cx8QjxxyT4tia-R1YwxfSnILdilFl_9Br19au6uL4sgI_5Rla8xhPluF6p99NYMzNXRn0Y_V1nJshLeWlo-A&utm_content=215292455&utm_source=hs_,1
/2022/05/14/impact-de-la-crise-tech-sur-les-salaires/?utm_campaign=Newsletter&utm_medium=email&_hsmi=221914202&_hsenc=p2ANqtz-9yC_P4R6slFYLz2ZsCgPZV8LifFGs0Ze0E6WUEyZ64p5rd1MY3jsXZUYbwWSwLC4HWt4k98nRmg6b22GCbJjlYWP0buA&utm_content=221914202&utm_source=hs_,1
/2023/01/questions-startup?utm_campaign=Newsletter&utm_medium=email&_hsmi=244452646&_hsenc=p2ANqtz-_tdpIloYIiSazVRyuEi4S0jo2df2zHVyGEnu-Z_E9F45sa7Xdg2l3zKIX4lqu5K69qjjxD6gwcy9GKAvLlLzKddBNLbpmC2Kjga3_Bih6mfs2uGlE&utm_content=244452646&utm_source=hs_email,1
/2023/02/not-only-about-technique?utm_campaign=Newsletter&utm_medium=email&_hsmi=246516978&_hsenc=p2ANqtz-9mbJWbCUfXyjhVcpDkjPbyE1gGEzKbLHjN674vC0Gs_qh9f3TmgW4ytuhh4raMGPVa-apVE5BF3I6nvzcyUZZtLjcEnZ1kyLJdL6_3tdizuElkbq0&utm_content=246516978&utm_source=hs,1
/blog?tag=testunitaire,1
/index.php/siffler-en-teletravaillant/,1
/2022/05/14/impact-de-la-crise-tech-sur-les-salaires/?utm_campaign=Newsletter&utm_medium=email&_hsmi=221914202&_hsenc=p2ANqtz-81kiAmNG8Rzw7OHv-fAYpCx2_X1W2t2mreoFV6N6nvZn98gUxxqgEiZMJRhJGSScNFVPJ1LGLCTwRnIyz0N6PpR06U4g&utm_content=221914202&utm_source=hs_,1
/2022/09/travailler-avec-contraintes?utm_campaign=Newsletter&utm_medium=email&_hsmi=228777319&_hsenc=p2ANqtz-_f08UaJQI0wgF3pl6DEcM3V7MzLDZXRtCY8Jzv3vGhxpX9JQT-AWTd9TBkgnepL4059wBh51YHqXKOekNIHvvw25EKrQ&utm_content=228777319&utm_source=hs_email,1
/2023/02/not-only-about-technique?utm_campaign=Newsletter&utm_medium=email&_hsmi=246516978&_hsenc=p2ANqtz-_oNk-4ChVyif9JuqKoWhJatSHeBNmjl9Iqo9vGFf7c8mSubE8fMTJbiXBho1JMCif2PwJ8YIQOjmUSWkNm9ruV7GTRKw&utm_content=246516978&utm_source=hs_email,1
/wp-content/uploads/2022/01/Illustration_sans_titre-56.jpg,1
/2011/03/18/java-vs-c-les-property-en-c/,1
/2014/01/12/interview-dune-societe-collaborative-scopyleft,1
/2022/08/variable-salaries?_hsmi=225501590,1
/tag/cours/,1
/blog?tag=adobe,1
/2022/01/31/que-fait-un-engineering-manager/?utm_campaign=Newsletter&utm_source=hs_email&utm_medium=email&_hsenc=p2ANqtz--m1H5UYRAxfx72UKCKW39Gm3UrOnAQuviftib4-Ux4OB5mgLOt6Ehqyq1rh04x2fcK_C_-,1
/2020/08/07/bataille-autour-des-donnees-et-du-cloud/,1
/2022/05/14/impact-de-la-crise-tech-sur-les-salaires/?utm_campaign=Newsletter&utm_medium=email&_hsmi=215292455&_hsenc=p2ANqtz--xtwlULsIMXFKWZ_LeBSzzq-CDNhy-b73vnhjf3Zdbxr9tNXFBYLG0exeZL0dz6qNZE7mSzFB0019EColuJrlV4FrLEA&utm_content=215292455&utm_source=hs_,1
/2022/05/14/impact-de-la-crise-tech-sur-les-salaires/?utm_campaign=Newsletter&utm_medium=email&_hsmi=221914202&_hsenc=p2ANqtz-8XszuiL5nVEIeLnydkNRbqvhE-VE-SBj-ust3xaPLwYAIURl8Udy2vHYVxdCssRb1SBFaucC4_aUg_OfozZ3Ilt9jeFw&utm_content=221914202&utm_source=hs_,1
/2022/09/travailler-avec-contraintes?utm_campaign=Newsletter&utm_medium=email&_hsmi=228777319&_hsenc=p2ANqtz-81AcbLIIRk6xMBL_S4ULH-Up_sGaJxttBfC9uUec4op7cDr6Yv4OhddqJBYj8B7nwyc9b7FDrgQ5wuEcHcWI3NyTzeOQ&utm_content=228777319&utm_source=hs_email,1
/2023/01/questions-startup?utm_campaign=Newsletter&utm_medium=email&_hsmi=244452646&_hsenc=p2ANqtz-_-iM0BcVcVCaHrsZX_1KF1fYiLbHk1J5ifUN_iOaae5-YxM5B2wOlfP-cWKDo18d4SmgnTEg21kUZ_TsY5_IRiT9HKAw&utm_content=244452646&utm_source=hs_email,1
/2023/02/not-only-about-technique?utm_campaign=Newsletter&utm_medium=email&_hsmi=246516978&_hsenc=p2ANqtz-81tqvwxAKMv0W00d-E4NR4aZG3O97a96dUruf6DdQcZlVFrAI7anuIILPmvz5sjQwWc_VdOfjOqLd_nJW3TG3p3cXFyu_G_jmcqiNTQNGDdRy9Gcc&utm_content=246516978&utm_source=hs,1
/blog?tag=remote,1
/2011/07/23/maven-anneau-de-sauron-ou-couteau-suisse,1
/2014/03/19/exploiter-les-donnees-dhopwork-avec-neo4j-timeoff-2nd-journee/,1
/2022/05/14/impact-de-la-crise-tech-sur-les-salaires/?utm_campaign=Newsletter&utm_medium=email&_hsmi=215292455&_hsenc=p2ANqtz-_5IXEHj6BeG6p_n9DsiaY0POs5u2HiAElv9yLUKFEJugLv7MjDgGfUcsBbYu3VPqYuADo1onb6An5ceiNamfIF3G6N17mnMY0Cw98rom0xC7gaRtU&utm_content=215,1
/2022/05/14/impact-de-la-crise-tech-sur-les-salaires/?utm_campaign=Newsletter&utm_medium=email&_hsmi=221914202&_hsenc=p2ANqtz-_j8x9LS1ahuDC1Mg0NySxOekYIrNL8-I6Uwi7KhdWLuYclDUTBpYSGUhMt6zhI9OE8jJ2xGpsECI5a84X4ymwBQeqxOw&utm_content=221914202&utm_source=hs_,1
/2022/08/variable-salaries?utm_campaign=Newsletter&utm_medium=email&_hsmi=225501590&_hsenc=p2ANqtz--q9cNj3XW7DlAi7NXivTa6zssS8-oXJ6YVplAO1QtIpfYkDy6PJpbEjtWbA8me59eOQqhOuJeZKSuMRqoiHIvRxoLqVA&utm_content=225501590&utm_source=hs_email,1
/2022/11/scrum-is-dead?utm_campaign=Newsletter&utm_medium=email&_hsmi=234452356&_hsenc=p2ANqtz-83NwRBz2luNHtX_33enG8ompLdESLbBCqw5rHJO-JPhbg6peJH5yHR7wa8JedhLrL-M6BfiU4gKcyg-cDkseAFyJVhmQ&utm_content=234452356&utm_source=hs_email,1
/2023/01/questions-startup?utm_campaign=Newsletter&utm_medium=email&_hsmi=244452646&_hsenc=p2ANqtz-9_bdURDcLLtg5KEMJiNt9CVewObNpbSFm4DPE3E0AYp40OGObe9xEXDFD-BEBkN0lbgVr8Ort0XloVtqYW65PAxywRFA&utm_content=244452646&utm_source=hs_email,1
